Quarterly Income and Expense of FDIC-Insured Commercial Banks and Savings Institutions,,,,,,,,,,,,,,,,,,,,,,,,,,,,,,,,,,,,,,,,,,,,,,,,,,,,,,,,,,,,,,,,,,,,,,,,,,,,,,,,,,,,,,,,,,,,,,,,,,,,,,,,,,,,,,,,,,,,,,,,,,,,,,,,,,,,,,,,,,,,,,,,,,,,,,,,,,,,,,,,
,,,,,,,,,,,,,,,,,,,,,,,,,,,,,,,,,,,,,,,,,,,,,,,,,,,,,,,,,,,,,,,,,,,,,,,,,,,,,,,,,,,,,,,,,,,,,,,,,,,,,,,,,,,,,,,,,,,,,,,,,,,,,,,,,,,,,,,,,,,,,,,,,,,,,,,,,,,,,,,,
(Amounts in $ Millions),,,,,,,,,,,,,,,,,,,,,,,,,,,,,,,,,,,,,,,,,,,,,,,,,,,,,,,,,,,,,,,,,,,,,,,,,,,,,,,,,,,,,,,,,,,,,,,,,,,,,,,,,,,,,,,,,,,,,,,,,,,,,,,,,,,,,,,,,,,,,,,,,,,,,,,,,,,,,,,,
,1984Q1,1984Q2,1984Q3,1984Q4,1985Q1,1985Q2,1985Q3,1985Q4,1986Q1,1986Q2,1986Q3,1986Q4,1987Q1,1987Q2,1987Q3,1987Q4,1988Q1,1988Q2,1988Q3,1988Q4,1989Q1,1989Q2,1989Q3,1989Q4,1990Q1,1990Q2,1990Q3,1990Q4,1991Q1,1991Q2,1991Q3,1991Q4,1992Q1,1992Q2,1992Q3,1992Q4,1993Q1,1993Q2,1993Q3,1993Q4,1994Q1,1994Q2,1994Q3,1994Q4,1995Q1,1995Q2,1995Q3,1995Q4,1996Q1,1996Q2,1996Q3,1996Q4,1997Q1,1997Q2,1997Q3,1997Q4,1998Q1,1998Q2,1998Q3,1998Q4,1999Q1,1999Q2,1999Q3,1999Q4,2000Q1,2000Q2,2000Q3,2000Q4,2001Q1,2001Q2,2001Q3,2001Q4,2002Q1,2002Q2,2002Q3,2002Q4,2003Q1,2003Q2,2003Q3,2003Q4,2004Q1,2004Q2,2004Q3,2004Q4,2005Q1,2005Q2,2005Q3,2005Q4,2006Q1,2006Q2,2006Q3,2006Q4,2007Q1,2007Q2,2007Q3,2007Q4,2008Q1,2008Q2,2008Q3,2008Q4,2009Q1,2009Q2,2009Q3,2009Q4,2010Q1,2010Q2,2010Q3,2010Q4,2011Q1,2011Q2,2011Q3,2011Q4,2012Q1,2012Q2,2012Q3,2012Q4,2013Q1,2013Q2,2013Q3,2013Q4,2014Q1,2014Q2,2014Q3,2014Q4,2015Q1,2015Q2,2015Q3,2015Q4,2016Q1,2016Q2,2016Q3,2016Q4,2017Q1,2017Q2,2017Q3,2017Q4,2018Q1,2018Q2,2018Q3,2018Q4,2019Q1,2019Q2,2019Q3,2019Q4,2020Q1,2020Q2,2020Q3,2020Q4,2021Q1,2021Q2,2021Q3,2021Q4,2022Q1,2022Q2,2022Q3,2022Q4,2023Q1,2023Q2,2023Q3,2023Q4
,,,,,,,,,,,,,,,,,,,,,,,,,,,,,,,,,,,,,,,,,,,,,,,,,,,,,,,,,,,,,,,,,,,,,,,,,,,,,,,,,,,,,,,,,,,,,,,,,,,,,,,,,,,,,,,,,,,,,,,,,,,,,,,,,,,,,,,,,,,,,,,,,,,,,,,,,,,,,,,,
Number of institutions reporting,"17,885 ","17,889 ","17,898 ","17,901 ","17,921 ","17,936 ","18,008 ","18,033 ","18,083 ","18,017 ","18,000 ","17,876 ","17,741 ","17,605 ","17,504 ","17,325 ","17,142 ","16,993 ","16,758 ","16,561 ","16,258 ","16,142 ","15,971 ","15,797 ","15,587 ","15,436 ","15,279 ","15,159 ","15,000 ","14,839 ","14,680 ","14,483 ","14,335 ","14,177 ","14,035 ","13,854 ","13,684 ","13,515 ","13,380 ","13,222 ","13,081 ","12,935 ","12,776 ","12,605 ","12,362 ","12,253 ","12,114 ","11,972 ","11,845 ","11,672 ","11,550 ","11,454 ","11,338 ","11,161 ","11,028 ","10,923 ","10,780 ","10,713 ","10,624 ","10,464 ","10,391 ","10,328 ","10,271 ","10,222 ","10,152 ","10,102 ","9,988 ","9,904 ","9,822 ","9,747 ","9,701 ","9,613 ","9,520 ","9,466 ","9,415 ","9,354 ","9,312 ","9,268 ","9,236 ","9,181 ","9,116 ","9,078 ","9,024 ","8,976 ","8,931 ","8,868 ","8,858 ","8,833 ","8,790 ","8,777 ","8,743 ","8,680 ","8,649 ","8,615 ","8,559 ","8,534 ","8,494 ","8,451 ","8,383 ","8,304 ","8,247 ","8,195 ","8,099 ","8,012 ","7,934 ","7,830 ","7,761 ","7,658 ","7,574 ","7,513 ","7,437 ","7,357 ","7,308 ","7,245 ","7,181 ","7,083 ","7,019 ","6,940 ","6,891 ","6,812 ","6,730 ","6,656 ","6,589 ","6,509 ","6,419 ","6,348 ","6,270 ","6,182 ","6,122 ","6,058 ","5,980 ","5,913 ","5,856 ","5,787 ","5,738 ","5,670 ","5,606 ","5,542 ","5,477 ","5,406 ","5,362 ","5,303 ","5,258 ","5,177 ","5,116 ","5,066 ","5,033 ","5,002 ","4,978 ","4,950 ","4,914 ","4,839 ","4,796 ","4,771 ","4,746 ","4,706 ","4,672 ","4,645 ","4,614 ","4,587 "
Total interest income,"79,981 ","91,850 ","90,526 ","103,800 ","90,866 ","91,953 ","92,145 ","93,340 ","92,869 ","90,466 ","88,742 ","88,142 ","87,746 ","90,333 ","92,465 ","96,473 ","95,950 ","98,024 ","102,645 ","109,617 ","110,197 ","115,294 ","115,421 ","117,426 ","112,387 ","109,285 ","110,249 ","109,627 ","102,933 ","98,511 ","96,702 ","94,456 ","88,766 ","85,740 ","83,456 ","81,390 ","78,896 ","78,264 ","79,094 ","79,592 ","76,587 ","80,386 ","81,694 ","85,919 ","90,064 ","93,907 ","96,350 ","97,188 ","95,956 ","95,633 ","97,626 ","99,496 ","99,414 ","102,610 ","105,030 ","107,301 ","107,045 ","108,576 ","110,755 ","109,892 ","108,687 ","108,718 ","111,803 ","116,538 ","120,418 ","126,573 ","132,046 ","134,500 ","132,004 ","126,399 ","121,518 ","112,358 ","108,285 ","109,012 ","109,174 ","106,238 ","102,871 ","102,526 ","100,180 ","101,191 ","103,048 ","105,085 ","110,125 ","114,260 ","119,915 ","126,721 ","135,702 ","143,005 ","151,735 ","162,987 ","171,585 ","171,582 ","176,209 ","182,526 ","188,075 ","189,627 ","178,575 ","164,867 ","158,735 ","151,373 ","142,478 ","137,864 ","134,180 ","131,072 ","138,527 ","135,203 ","133,483 ","131,818 ","129,389 ","128,467 ","125,745 ","126,527 ","124,043 ","122,363 ","121,734 ","120,196 ","118,059 ","117,090 ","117,565 ","118,920 ","116,116 ","117,417 ","118,805 ","119,031 ","117,282 ","120,063 ","120,284 ","123,737 ","125,246 ","126,869 ","132,541 ","133,688 ","136,610 ","140,571 ","147,383 ","150,790 ","154,932 ","161,925 ","169,022 ","176,911 ","179,351 ","180,647 ","180,840 ","173,622 ","169,537 ","150,183 ","143,223 ","143,348 ","139,769 ","138,558 ","143,207 ","145,382 ","146,492 ","164,977 ","202,692 ","242,249 ","261,352 ","283,193 ","298,618 ","309,970 "
  Domestic office loans,"49,812 ","57,935 ","57,521 ","66,719 ","58,934 ","60,108 ","60,972 ","61,987 ","61,506 ","60,766 ","59,763 ","59,162 ","58,283 ","59,677 ","61,440 ","63,733 ","63,256 ","64,775 ","68,039 ","71,322 ","73,178 ","76,550 ","76,782 ","77,512 ","73,781 ","73,716 ","74,148 ","73,392 ","69,295 ","66,973 ","65,095 ","62,380 ","58,378 ","56,210 ","54,181 ","52,627 ","50,816 ","50,715 ","50,936 ","51,038 ","49,719 ","51,463 ","54,287 ","57,131 ","60,171 ","63,173 ","65,263 ","65,883 ","64,990 ","65,028 ","66,891 ","67,884 ","67,893 ","70,279 ","72,200 ","72,705 ","71,897 ","73,715 ","74,516 ","74,181 ","73,023 ","72,745 ","77,469 ","80,594 ","83,498 ","87,999 ","93,154 ","95,054 ","91,778 ","88,309 ","84,862 ","79,978 ","75,964 ","75,501 ","76,140 ","75,503 ","73,039 ","73,150 ","72,616 ","72,870 ","73,521 ","74,139 ","78,501 ","82,625 ","85,237 ","90,596 ","98,261 ","103,913 ","108,675 ","116,053 ","122,802 ","123,327 ","124,636 ","127,538 ","130,441 ","131,139 ","123,216 ","114,723 ","110,333 ","103,958 ","100,897 ","98,017 ","95,144 ","92,984 ","101,595 ","99,679 ","98,703 ","96,975 ","94,655 ","92,874 ","92,464 ","93,249 ","90,603 ","90,824 ","91,388 ","90,214 ","88,398 ","88,219 ","88,813 ","89,078 ","86,795 ","87,693 ","89,098 ","90,282 ","88,649 ","90,220 ","91,812 ","93,881 ","95,875 ","97,265 ","100,021 ","102,113 ","103,199 ","105,830 ","111,155 ","113,858 ","115,604 ","120,488 ","125,893 ","130,783 ","131,618 ","133,373 ","134,222 ","129,832 ","128,181 ","117,425 ","114,445 ","114,734 ","111,166 ","109,554 ","112,537 ","113,252 ","111,514 ","121,235 ","143,571 ","166,549 ","175,749 ","188,079 ","198,807 ","205,038 "
  Foreign office loans,"7,909 ","8,228 ","8,717 ","8,769 ","7,728 ","7,662 ","7,295 ","7,199 ","6,971 ","6,162 ","5,693 ","5,400 ","5,347 ","5,851 ","5,618 ","5,957 ","5,806 ","5,997 ","6,211 ","8,952 ","7,328 ","7,988 ","8,098 ","9,233 ","9,259 ","6,814 ","7,199 ","7,487 ","6,613 ","5,684 ","5,716 ","6,220 ","5,923 ","5,672 ","5,963 ","5,934 ","6,023 ","5,706 ","6,251 ","6,965 ","5,951 ","7,036 ","5,042 ","5,179 ","5,532 ","5,832 ","5,918 ","6,068 ","6,237 ","6,253 ","6,332 ","6,709 ","5,562 ","5,714 ","5,895 ","6,161 ","6,356 ","6,618 ","6,927 ","7,069 ","6,619 ","6,183 ","5,712 ","6,108 ","5,901 ","6,055 ","6,244 ","6,391 ","6,425 ","5,841 ","5,779 ","5,668 ","5,375 ","5,753 ","5,650 ","5,117 ","4,999 ","5,054 ","4,923 ","5,105 ","5,041 ","5,336 ","5,582 ","5,762 ","5,568 ","5,804 ","6,176 ","6,383 ","6,852 ","7,584 ","8,023 ","7,437 ","8,255 ","9,432 ","10,721 ","11,241 ","11,131 ","10,800 ","8,919 ","8,751 ","7,070 ","6,479 ","6,438 ","6,401 ","6,541 ","6,296 ","6,376 ","6,557 ","6,410 ","6,854 ","6,695 ","6,678 ","6,494 ","6,238 ","6,356 ","6,247 ","5,944 ","5,520 ","5,679 ","5,919 ","5,608 ","5,824 ","5,711 ","5,352 ","4,962 ","4,984 ","4,879 ","4,979 ","4,890 ","4,977 ","4,913 ","5,048 ","4,648 ","4,782 ","5,014 ","5,045 ","5,238 ","5,467 ","5,576 ","5,684 ","5,773 ","5,667 ","5,553 ","5,498 ","5,200 ","4,462 ","4,325 ","3,773 ","3,978 ","4,038 ","4,090 ","4,188 ","4,257 ","4,832 ","5,860 ","7,358 ","8,240 ","8,779 ","9,296 ","9,533 "
  Lease financing receivables,512 ,528 ,550 ,581 ,569 ,573 ,567 ,640 ,641 ,629 ,630 ,541 ,718 ,789 ,705 ,778 ,808 ,838 ,892 ,959 ,882 ,911 ,"1,068 ","1,248 ","1,280 ","1,023 ","1,019 ","1,171 ","1,049 ",980 ,"1,034 ","1,081 ","1,018 ",970 ,993 ,934 ,877 ,876 ,858 ,834 ,804 ,814 ,744 ,826 ,854 ,904 ,961 ,"1,042 ","1,103 ","1,193 ","1,246 ","1,431 ","1,538 ","1,650 ","1,836 ","1,985 ","2,068 ","2,097 ","2,246 ","2,130 ","2,594 ","2,635 ","2,194 ","2,325 ","2,389 ","2,733 ","2,788 ","2,639 ","2,901 ","2,831 ","2,711 ","2,489 ","2,628 ","2,627 ","2,543 ","2,213 ","2,419 ","2,331 ","2,259 ","1,912 ","1,830 ","1,941 ","1,999 ","1,895 ","1,906 ","1,899 ","1,817 ","1,793 ","1,842 ","1,911 ","1,844 ","1,888 ","1,751 ","1,707 ","1,725 ","1,745 ","1,828 ",(291),"1,186 ","1,394 ","1,769 ","1,651 ","1,557 ","1,593 ","1,590 ","1,546 ","1,427 ","1,458 ","1,530 ","1,347 ","1,331 ","1,249 ","1,411 ","1,247 ","1,213 ","1,184 ","1,232 ","1,191 ","1,138 ","1,177 ","1,184 ","1,138 ","1,151 ","1,091 ","1,138 ","1,107 ","1,205 ","1,092 ","1,202 ","1,187 ","1,183 ","1,252 ","1,342 ","1,193 ","1,244 ","1,067 ","1,303 ","1,256 ","1,318 ","1,336 ","1,368 ","1,364 ","1,275 ","1,344 ","1,355 ","1,296 ","1,227 ","1,251 ","1,212 ","1,165 ","1,160 ","1,128 ","1,102 ","1,086 ","1,131 ","1,251 ","1,246 ","1,322 ","1,366 ","1,485 "
  Balances due from depository institutions,"4,052 ","4,298 ","4,443 ","4,150 ","3,708 ","3,676 ","3,429 ","3,215 ","3,164 ","2,947 ","2,838 ","2,724 ","2,788 ","2,997 ","3,031 ","3,510 ","3,266 ","3,125 ","3,556 ","4,009 ","3,654 ","4,233 ","3,907 ","3,846 ","3,744 ","3,295 ","3,019 ","2,838 ","2,497 ","2,206 ","2,237 ","2,381 ","2,107 ","1,863 ","1,798 ","1,800 ","1,547 ","1,648 ","1,655 ","1,434 ","1,259 ","1,322 ","1,224 ","1,437 ","1,583 ","1,617 ","1,538 ","1,512 ","1,374 ","1,366 ","1,324 ","1,396 ","1,357 ","1,481 ","1,615 ","1,994 ","1,910 ","1,386 ","1,684 ","1,701 ","1,610 ","1,627 ","1,314 ","1,584 ","1,495 ","1,693 ","1,479 ","1,858 ","1,936 ","1,684 ","1,607 ",213 ,957 ,925 ,896 ,846 ,775 ,814 ,607 ,570 ,758 ,777 ,870 ,"1,058 ","1,237 ","1,162 ","1,268 ","1,563 ","1,628 ","1,982 ","2,065 ","2,142 ","1,997 ","2,245 ","2,977 ","2,846 ","2,534 ","2,563 ","2,276 ","3,261 ","1,679 ","1,338 ","1,087 ","1,154 ","1,041 ","1,066 ","1,093 ","1,105 ","1,194 ","1,334 ","1,373 ","1,339 ","1,220 ","1,224 ","1,217 ","1,212 ","1,144 ","1,200 ","1,273 ","1,358 ","1,321 ","1,371 ","1,386 ","1,275 ","1,407 ","1,377 ","1,359 ","1,500 ","2,133 ","2,186 ","2,236 ","2,290 ","3,118 ","3,974 ","4,863 ","4,994 ","5,688 ","6,311 ","6,812 ","7,193 ","7,070 ","6,222 ","6,157 ","5,003 ","4,215 ","1,203 ",999 ,"1,005 ","1,026 ","1,080 ","1,419 ","1,463 ","1,833 ","5,316 ","12,457 ","17,881 ","23,109 ","28,723 ","30,016 ","32,202 "
  Securities,"14,829 ","17,426 ","15,708 ","19,771 ","16,751 ","16,771 ","16,620 ","16,619 ","16,932 ","16,753 ","16,859 ","17,217 ","17,274 ","17,754 ","18,326 ","19,054 ","19,243 ","19,499 ","19,757 ","20,004 ","20,736 ","21,226 ","21,110 ","20,682 ","19,778 ","19,930 ","19,998 ","20,047 ","19,735 ","19,230 ","19,013 ","18,978 ","18,138 ","18,042 ","17,836 ","17,307 ","16,860 ","16,586 ","16,175 ","16,095 ","15,358 ","16,415 ","16,901 ","17,247 ","17,583 ","17,795 ","18,009 ","17,933 ","17,492 ","17,574 ","17,486 ","17,329 ","17,252 ","17,752 ","17,621 ","17,942 ","18,225 ","18,345 ","18,474 ","19,229 ","19,453 ","20,355 ","20,732 ","21,036 ","21,862 ","22,234 ","22,403 ","22,291 ","21,848 ","20,961 ","20,356 ","19,389 ","19,241 ","19,571 ","19,414 ","18,216 ","17,517 ","17,242 ","15,936 ","16,880 ","17,833 ","18,356 ","18,280 ","18,453 ","19,702 ","20,093 ","20,682 ","21,773 ","22,968 ","24,633 ","25,539 ","25,095 ","25,340 ","26,791 ","26,483 ","26,400 ","25,189 ","24,829 ","24,534 ","24,364 ","24,967 ","24,799 ","24,494 ","23,836 ","23,227 ","22,136 ","21,011 ","20,648 ","20,617 ","20,680 ","18,633 ","18,996 ","19,394 ","18,130 ","17,159 ","16,689 ","16,826 ","16,403 ","16,612 ","17,458 ","17,255 ","17,379 ","17,496 ","16,964 ","16,992 ","18,260 ","17,137 ","18,443 ","17,251 ","17,315 ","20,193 ","18,711 ","19,885 ","20,327 ","20,440 ","20,962 ","21,887 ","22,886 ","23,508 ","24,779 ","25,534 ","25,369 ","24,886 ","24,408 ","23,930 ","21,948 ","19,728 ","19,189 ","19,430 ","19,823 ","20,889 ","22,050 ","24,202 ","27,434 ","31,178 ","36,060 ","37,954 ","38,320 ","39,774 ","41,139 "
  Trading accounts,420 ,497 ,664 ,818 ,808 ,775 ,830 ,931 ,964 ,786 ,777 ,835 ,"1,086 ","1,031 ",910 ,946 ,"1,089 ","1,221 ","1,351 ","1,282 ",963 ,"1,008 ","1,181 ","1,298 ","1,402 ","1,290 ","1,444 ","1,404 ","1,113 ","1,101 ","1,229 ","1,312 ","1,363 ","1,325 ","1,351 ","1,512 ","1,559 ","1,529 ","1,954 ","1,953 ","2,238 ","1,895 ","1,776 ","1,942 ","2,014 ","2,068 ","2,135 ","2,109 ","2,177 ","1,856 ","2,147 ","2,386 ","2,369 ","2,502 ","2,497 ","2,692 ","2,651 ","2,751 ","2,943 ","1,794 ","1,930 ","1,839 ","1,570 ","1,762 ","2,020 ","2,331 ","2,490 ","2,585 ","2,578 ","2,460 ","2,344 ","2,179 ","1,884 ","2,327 ","2,253 ","2,149 ","2,135 ","1,979 ","1,806 ","1,979 ","2,151 ","2,455 ","2,477 ","2,730 ","3,172 ","3,697 ","3,333 ","3,517 ","4,039 ","4,836 ","4,427 ","4,676 ","6,041 ","6,059 ","7,150 ","7,178 ","7,628 ","6,701 ","6,155 ","6,127 ","4,215 ","4,115 ","3,946 ","3,661 ","3,077 ","2,972 ","3,158 ","3,237 ","3,181 ","3,529 ","3,263 ","2,969 ","2,871 ","2,783 ","2,612 ","2,879 ","2,928 ","2,964 ","2,558 ","2,543 ","2,520 ","2,647 ","2,555 ","2,571 ","2,554 ","2,577 ","2,387 ","2,352 ","2,426 ","2,511 ","2,515 ","2,517 ","2,395 ","2,416 ","2,483 ","2,546 ","2,701 ","2,644 ","2,762 ","2,918 ","3,242 ","3,432 ","3,490 ","3,345 ","3,199 ","2,450 ","1,205 ","1,932 ","1,834 ","1,886 ","1,979 ","2,022 ","2,105 ","2,374 ","2,989 ","3,751 ","4,201 ","4,950 ","5,393 ","5,631 "
  Federal funds sold,"2,447 ","2,914 ","2,926 ","2,948 ","2,356 ","2,374 ","2,422 ","2,751 ","2,682 ","2,412 ","2,174 ","2,255 ","2,243 ","2,231 ","2,413 ","2,486 ","2,473 ","2,558 ","2,828 ","3,078 ","3,456 ","3,378 ","3,274 ","3,607 ","3,149 ","3,218 ","3,424 ","3,289 ","2,631 ","2,338 ","2,379 ","2,104 ","1,839 ","1,659 ","1,335 ","1,276 ","1,214 ","1,204 ","1,265 ","1,274 ","1,258 ","1,442 ","1,720 ","2,158 ","2,327 ","2,519 ","2,526 ","2,641 ","2,584 ","2,363 ","2,200 ","2,362 ","3,442 ","3,232 ","3,367 ","3,821 ","3,938 ","3,665 ","3,965 ","3,788 ","3,458 ","3,333 ","2,811 ","3,129 ","3,254 ","3,528 ","3,487 ","3,681 ","4,088 ","3,673 ","3,227 ","1,824 ","1,624 ","1,597 ","1,563 ","1,523 ","1,343 ","1,221 ","1,358 ","1,151 ","1,180 ","1,051 ","1,395 ","1,597 ","1,958 ","2,322 ","2,946 ","3,999 ","4,420 ","4,604 ","5,454 ","6,977 ","7,046 ","7,596 ","7,282 ","7,260 ","5,736 ","4,369 ","4,405 ","2,454 ","1,122 ",809 ,752 ,810 ,862 ,888 ,"1,052 ","1,217 ","1,160 ","1,195 ","1,329 ","1,310 ","1,340 ","1,209 ","1,128 ","1,090 ","1,014 ",946 ,893 ,764 ,782 ,692 ,740 ,696 ,772 ,673 ,780 ,723 ,916 ,920 ,968 ,995 ,"1,047 ","1,138 ","1,327 ","1,389 ","1,527 ","1,768 ","2,052 ","3,002 ","3,468 ","3,798 ","3,749 ","2,956 ","2,454 ",834 ,744 ,708 ,600 ,474 ,574 ,723 ,859 ,"1,518 ","3,609 ","6,325 ","7,788 ","9,318 ","10,168 ","11,201 "
  Other interest income,N/A,N/A,N/A,N/A,N/A,N/A,N/A,N/A,N/A,N/A,N/A,N/A,N/A,N/A,N/A,N/A,N/A,N/A,N/A,N/A,N/A,N/A,N/A,N/A,N/A,N/A,N/A,N/A,N/A,N/A,N/A,N/A,N/A,N/A,N/A,N/A,N/A,N/A,N/A,N/A,N/A,N/A,N/A,N/A,N/A,N/A,N/A,N/A,N/A,N/A,N/A,N/A,N/A,N/A,N/A,N/A,N/A,N/A,N/A,N/A,N/A,N/A,N/A,N/A,N/A,N/A,N/A,N/A,451 ,640 ,633 ,618 ,610 ,712 ,716 ,670 ,644 ,736 ,674 ,724 ,733 ,"1,030 ","1,021 ",140 ,"1,135 ","1,149 ","1,221 ",64 ,"1,310 ","1,384 ","1,432 ",40 ,"1,143 ","1,157 ","1,296 ","1,817 ","1,313 ","1,173 ",927 ,"1,063 ",758 ,656 ,762 ,633 ,595 ,620 ,663 ,621 ,642 ,653 ,657 ,737 ,710 ,710 ,660 ,681 ,573 ,647 ,599 ,624 ,649 ,672 ,667 ,800 ,807 ,865 ,724 ,767 ,554 ,509 ,512 ,762 ,977 ,911 ,858 ,930 ,984 ,"1,105 ","1,100 ","1,216 ","1,278 ","1,423 ","1,508 ","1,236 ","1,003 ",563 ,550 ,757 ,523 ,536 ,560 ,556 ,621 ,"1,184 ","1,896 ","3,074 ","3,065 ","3,702 ","3,798 ","3,741 "
Total interest expense,"59,105 ","62,712 ","68,079 ","68,129 ","63,252 ","62,555 ","61,556 ","61,451 ","63,989 ","61,162 ","59,244 ","57,453 ","57,036 ","58,778 ","60,782 ","64,324 ","64,641 ","65,825 ","69,496 ","73,424 ","75,578 ","81,261 ","82,003 ","82,445 ","77,501 ","74,072 ","74,639 ","73,623 ","66,482 ","61,132 ","58,486 ","55,532 ","48,309 ","44,432 ","41,141 ","38,054 ","36,072 ","35,132 ","35,754 ","35,730 ","33,517 ","36,032 ","36,377 ","40,530 ","45,040 ","48,265 ","49,644 ","50,013 ","48,452 ","47,411 ","48,359 ","49,548 ","49,313 ","51,284 ","52,973 ","54,957 ","55,017 ","55,382 ","56,920 ","55,410 ","53,469 ","52,871 ","54,791 ","59,552 ","62,290 ","67,558 ","72,729 ","74,813 ","71,625 ","64,103 ","57,738 ","44,609 ","39,269 ","39,980 ","39,299 ","35,932 ","32,982 ","31,972 ","29,716 ","28,592 ","29,280 ","29,641 ","33,106 ","35,794 ","41,703 ","47,575 ","54,769 ","62,205 ","68,551 ","77,278 ","85,879 ","89,239 ","89,765 ","94,130 ","97,215 ","97,135 ","83,881 ","68,305 ","63,608 ","54,381 ","42,610 ","38,466 ","34,538 ","30,471 ","29,092 ","27,456 ","25,873 ","25,385 ","23,146 ","22,555 ","20,517 ","19,353 ","17,814 ","17,051 ","16,092 ","15,255 ","14,223 ","13,665 ","13,060 ","12,536 ","11,938 ","11,976 ","11,840 ","11,551 ","11,593 ","11,789 ","11,545 ","12,808 ","12,946 ","13,485 ","13,868 ","14,354 ","15,529 ","17,191 ","19,840 ","21,137 ","23,569 ","27,803 ","31,927 ","36,733 ","40,090 ","41,635 ","42,080 ","36,877 ","32,240 ","18,750 ","14,470 ","11,979 ","10,046 ","9,299 ","8,738 ","8,327 ","8,462 ","13,851 ","34,072 ","61,939 ","85,612 ","108,862 ","123,391 ","135,372 "
  Domestic office deposits,"41,583 ","48,795 ","46,977 ","59,070 ","48,073 ","47,402 ","46,736 ","46,130 ","45,653 ","44,628 ","43,341 ","41,480 ","39,907 ","40,080 ","41,612 ","43,555 ","44,342 ","44,835 ","46,309 ","49,084 ","49,613 ","52,881 ","53,866 ","53,926 ","50,510 ","50,416 ","51,034 ","50,803 ","47,512 ","44,809 ","42,769 ","39,951 ","34,289 ","31,124 ","28,245 ","25,396 ","23,542 ","22,510 ","22,019 ","21,298 ","20,127 ","20,610 ","21,956 ","23,583 ","25,649 ","28,178 ","29,370 ","29,514 ","28,757 ","28,277 ","28,882 ","29,372 ","29,141 ","30,050 ","31,183 ","31,641 ","31,224 ","31,304 ","31,458 ","31,254 ","29,558 ","29,312 ","30,052 ","31,393 ","32,846 ","35,133 ","38,175 ","40,224 ","39,290 ","36,377 ","33,148 ","27,699 ","23,470 ","22,609 ","22,347 ","20,615 ","18,693 ","17,844 ","16,549 ","15,494 ","15,505 ","15,372 ","16,727 ","18,596 ","21,060 ","24,340 ","28,077 ","31,983 ","35,397 ","40,176 ","45,327 ","47,388 ","48,852 ","50,328 ","51,410 ","51,129 ","44,851 ","36,226 ","33,393 ","31,190 ","26,463 ","23,844 ","21,343 ","19,026 ","16,512 ","15,379 ","14,422 ","13,291 ","12,112 ","11,478 ","10,471 ","9,919 ","9,098 ","8,754 ","8,439 ","7,952 ","7,303 ","6,946 ","6,628 ","6,352 ","6,010 ","5,974 ","6,038 ","6,052 ","6,053 ","6,240 ","6,119 ","6,591 ","6,836 ","7,191 ","7,492 ","7,875 ","8,507 ","9,529 ","11,404 ","12,449 ","14,087 ","16,982 ","20,161 ","23,731 ","26,569 ","28,193 ","29,258 ","25,907 ","22,752 ","13,413 ","10,454 ","8,510 ","7,069 ","6,269 ","5,768 ","5,447 ","5,335 ","8,759 ","22,988 ","41,945 ","58,921 ","73,833 ","87,151 ","96,440 "
  Foreign office deposits,"8,291 ","9,001 ","9,567 ","8,924 ","7,873 ","7,890 ","7,202 ","7,164 ","6,979 ","6,224 ","5,829 ","5,489 ","5,952 ","6,510 ","6,498 ","7,073 ","6,633 ","6,820 ","7,612 ","7,445 ","7,712 ","8,737 ","8,484 ","9,179 ","8,828 ","8,378 ","8,602 ","8,280 ","7,001 ","6,107 ","5,926 ","6,145 ","5,739 ","5,270 ","5,452 ","4,952 ","4,885 ","4,859 ","5,090 ","5,610 ","4,635 ","5,186 ","4,812 ","5,610 ","6,458 ","6,575 ","6,465 ","6,491 ","6,331 ","6,038 ","5,981 ","6,139 ","6,148 ","6,557 ","6,699 ","7,144 ","7,304 ","7,288 ","7,975 ","7,423 ","7,086 ","6,701 ","6,556 ","7,191 ","8,097 ","9,065 ","9,667 ","9,923 ","8,902 ","7,317 ","6,459 ","2,889 ","3,068 ","4,149 ","3,906 ","2,980 ","2,796 ","2,752 ","2,608 ","2,486 ","2,792 ","2,991 ","3,624 ","3,802 ","4,719 ","5,295 ","6,414 ","7,370 ","8,191 ","9,571 ","10,847 ","11,714 ","12,250 ","13,094 ","14,660 ","14,459 ","11,561 ","9,488 ","9,241 ","5,507 ","2,896 ","2,661 ","2,230 ","1,284 ","1,964 ","2,052 ","2,089 ","2,407 ","2,400 ","2,836 ","2,698 ","2,182 ","2,086 ","2,055 ","1,909 ","1,835 ","1,746 ","1,639 ","1,581 ","1,512 ","1,499 ","1,501 ","1,486 ","1,205 ","1,270 ","1,181 ","1,137 ","1,162 ","1,141 ","1,181 ","1,184 ","1,123 ","1,280 ","1,457 ","1,660 ","1,715 ","1,772 ","1,994 ","2,376 ","2,735 ","2,975 ","3,093 ","2,930 ","2,456 ","1,932 ",523 ,299 ,216 ,114 ,112 ,171 ,220 ,381 ,991 ,"2,977 ","5,834 ","7,731 ","9,164 ","10,360 ","11,546 "
  Federal funds purchased,"4,531 ","5,091 ","5,356 ","4,928 ","4,268 ","4,035 ","4,085 ","4,510 ","4,462 ","4,041 ","3,816 ","3,954 ","3,930 ","3,948 ","4,277 ","4,350 ","4,362 ","4,627 ","5,155 ","5,569 ","6,162 ","6,609 ","6,433 ","6,729 ","6,036 ","5,905 ","5,973 ","5,507 ","4,304 ","3,788 ","3,573 ","3,148 ","2,673 ","2,528 ","2,139 ","2,189 ","2,071 ","2,109 ","2,228 ","2,314 ","2,343 ","2,963 ","3,524 ","4,154 ","4,646 ","4,896 ","4,907 ","4,873 ","4,490 ","4,365 ","4,315 ","4,415 ","5,185 ","5,109 ","5,258 ","5,802 ","5,924 ","5,628 ","5,926 ","5,744 ","5,399 ","5,393 ","5,495 ","6,082 ","6,529 ","7,199 ","7,405 ","7,544 ","6,808 ","5,769 ","4,987 ","3,275 ","2,722 ","2,834 ","2,815 ","2,699 ","2,424 ","2,362 ","2,025 ","1,838 ","2,033 ","2,306 ","2,844 ","2,850 ","3,906 ","4,527 ","5,658 ","6,702 ","7,625 ","8,695 ","9,482 ","9,752 ","9,755 ","10,209 ","9,992 ","9,333 ","7,262 ","5,505 ","5,252 ","2,730 ","1,500 ","1,227 ","1,192 ",943 ,841 ,811 ,646 ,"1,372 ",946 ,978 ,689 ,703 ,821 ,798 ,769 ,721 ,711 ,674 ,582 ,600 ,566 ,541 ,563 ,502 ,469 ,467 ,442 ,345 ,467 ,467 ,401 ,362 ,366 ,493 ,645 ,675 ,770 ,964 ,"1,053 ","1,323 ","1,505 ","1,636 ","1,673 ","1,314 ","1,103 ",231 ,181 ,97 ,77 ,99 ,101 ,81 ,126 ,506 ,"1,505 ","2,804 ","4,233 ","6,741 ","6,942 ","7,821 "
  Trading liabilities and other borrowed money,"4,442 ","5,046 ","5,822 ","5,964 ","5,379 ","5,540 ","6,045 ","6,035 ","6,321 ","5,772 ","5,772 ","5,966 ","6,706 ","7,654 ","7,801 ","8,792 ","8,712 ","8,974 ","9,812 ","10,726 ","11,468 ","12,413 ","12,546 ","11,971 ","11,491 ","8,764 ","8,400 ","8,403 ","6,943 ","5,770 ","5,569 ","5,620 ","5,030 ","4,954 ","4,672 ","4,903 ","4,944 ","5,019 ","5,742 ","5,844 ","5,753 ","6,580 ","5,365 ","6,396 ","7,428 ","7,726 ","8,009 ","8,194 ","7,951 ","7,809 ","8,144 ","8,597 ","7,816 ","8,563 ","8,735 ","9,249 ","9,298 ","9,982 ","10,266 ","9,721 ","10,188 ","10,248 ","11,386 ","13,537 ","13,440 ","14,676 ","15,898 ","15,456 ","15,043 ","13,190 ","11,727 ","9,465 ","8,839 ","9,224 ","9,054 ","8,446 ","7,929 ","7,879 ","7,402 ","7,653 ","7,782 ","7,781 ","8,604 ","8,971 ","10,437 ","11,694 ","12,829 ","14,128 ","15,259 ","16,582 ","17,847 ","17,966 ","16,472 ","17,990 ","18,481 ","19,579 ","17,670 ","14,974 ","13,937 ","13,024 ","10,122 ","9,169 ","8,438 ","7,933 ","8,690 ","8,156 ","7,537 ","7,272 ","6,651 ","6,320 ","5,738 ","5,636 ","4,869 ","4,567 ","4,160 ","3,959 ","3,654 ","3,609 ","3,471 ","3,340 ","3,165 ","3,266 ","3,056 ","3,093 ","3,095 ","3,229 ","3,164 ","4,047 ","3,781 ","3,914 ","4,081 ","4,249 ","4,570 ","4,880 ","5,315 ","5,525 ","6,138 ","7,009 ","7,460 ","8,052 ","8,115 ","7,823 ","7,308 ","6,327 ","5,652 ","3,869 ","2,880 ","2,518 ","2,174 ","2,248 ","2,137 ","2,027 ","2,083 ","2,994 ","5,781 ","10,289 ","13,408 ","17,580 ","17,269 ","17,845 "
  Subordinated notes and debentures,178 ,247 ,270 ,286 ,313 ,335 ,354 ,374 ,401 ,412 ,422 ,486 ,466 ,511 ,516 ,469 ,514 ,494 ,526 ,537 ,555 ,565 ,603 ,589 ,564 ,544 ,568 ,574 ,661 ,602 ,601 ,617 ,534 ,511 ,592 ,571 ,592 ,593 ,635 ,625 ,620 ,658 ,685 ,750 ,821 ,854 ,855 ,905 ,889 ,888 ,999 ,993 ,"1,024 ","1,004 ","1,103 ","1,120 ","1,267 ","1,181 ","1,295 ","1,269 ","1,238 ","1,217 ","1,301 ","1,348 ","1,378 ","1,485 ","1,584 ","1,666 ","1,582 ","1,450 ","1,416 ","1,281 ","1,170 ","1,164 ","1,177 ","1,192 ","1,140 ","1,135 ","1,132 ","1,120 ","1,168 ","1,192 ","1,307 ","1,576 ","1,581 ","1,718 ","1,790 ","2,021 ","2,079 ","2,253 ","2,376 ","2,419 ","2,436 ","2,509 ","2,672 ","2,636 ","2,537 ","2,111 ","1,786 ","1,930 ","1,630 ","1,565 ","1,335 ","1,284 ","1,085 ","1,058 ","1,179 ","1,043 ","1,038 ",943 ,921 ,911 ,941 ,876 ,815 ,787 ,809 ,796 ,798 ,732 ,697 ,694 ,698 ,699 ,707 ,671 ,683 ,662 ,721 ,732 ,710 ,746 ,699 ,715 ,686 ,646 ,659 ,701 ,706 ,716 ,748 ,716 ,694 ,665 ,596 ,514 ,461 ,455 ,459 ,429 ,432 ,431 ,433 ,484 ,624 ,722 ,817 ,832 ,861 ,866 
Net interest income,"20,876 ","23,568 ","22,446 ","24,498 ","24,868 ","26,657 ","27,623 ","29,037 ","28,881 ","29,304 ","29,498 ","30,688 ","30,710 ","31,555 ","31,683 ","32,149 ","31,310 ","32,199 ","33,149 ","36,193 ","34,620 ","34,033 ","33,418 ","34,980 ","34,886 ","35,213 ","35,610 ","36,004 ","36,452 ","37,379 ","38,216 ","38,924 ","40,457 ","41,308 ","42,315 ","43,335 ","42,824 ","43,132 ","43,340 ","43,863 ","43,069 ","44,354 ","45,317 ","45,389 ","45,023 ","45,642 ","46,706 ","47,175 ","47,504 ","48,222 ","49,268 ","49,947 ","50,100 ","51,326 ","52,057 ","52,344 ","52,028 ","53,194 ","53,835 ","54,482 ","55,218 ","55,846 ","57,012 ","56,987 ","58,128 ","59,015 ","59,317 ","59,687 ","60,379 ","62,295 ","63,781 ","67,748 ","69,015 ","69,032 ","69,875 ","70,306 ","69,889 ","70,554 ","70,463 ","72,599 ","73,768 ","75,444 ","77,019 ","78,466 ","78,212 ","79,147 ","80,934 ","80,800 ","83,184 ","85,709 ","85,706 ","82,343 ","86,445 ","88,396 ","90,860 ","92,492 ","94,694 ","96,562 ","95,127 ","96,992 ","99,867 ","99,398 ","99,642 ","100,602 ","109,435 ","107,748 ","107,610 ","106,433 ","106,242 ","105,913 ","105,229 ","107,174 ","106,229 ","105,312 ","105,643 ","104,941 ","103,836 ","103,426 ","104,505 ","106,384 ","104,178 ","105,440 ","106,965 ","107,480 ","105,689 ","108,274 ","108,739 ","110,929 ","112,300 ","113,384 ","118,673 ","119,333 ","121,081 ","123,380 ","127,543 ","129,653 ","131,363 ","134,122 ","137,095 ","140,178 ","139,261 ","139,012 ","138,760 ","136,745 ","137,297 ","131,433 ","128,753 ","131,368 ","129,723 ","129,258 ","134,469 ","137,055 ","138,030 ","151,126 ","168,620 ","180,311 ","175,740 ","174,330 ","175,226 ","174,598 "
Provision for loan and lease losses,"2,142 ","3,566 ","3,367 ","4,889 ","3,019 ","4,368 ","4,366 ","6,289 ","4,728 ","5,546 ","5,254 ","7,172 ","5,502 ","23,784 ","6,278 ","12,126 ","8,434 ","8,857 ","6,919 ","9,811 ","4,983 ","6,420 ","15,393 ","16,306 ","7,451 ","8,518 ","11,181 ","14,838 ","8,641 ","10,202 ","10,815 ","12,650 ","8,549 ","7,649 ","8,196 ","7,942 ","5,680 ","5,672 ","5,013 ","5,067 ","3,480 ","3,555 ","3,052 ","3,598 ","3,208 ","3,438 ","3,755 ","4,533 ","4,153 ","4,832 ","4,641 ","5,458 ","4,910 ","5,681 ","5,678 ","6,220 ","5,318 ","5,619 ","7,087 ","6,244 ","5,829 ","5,366 ","5,733 ","6,544 ","6,268 ","7,757 ","7,313 ","10,772 ","8,620 ","9,555 ","12,465 ","16,152 ","12,262 ","12,011 ","13,526 ","13,765 ","10,294 ","9,983 ","8,329 ","8,826 ","7,560 ","7,347 ","7,404 ","7,717 ","6,190 ","6,625 ","8,921 ","8,776 ","5,946 ","6,477 ","7,508 ","9,857 ","9,210 ","11,289 ","16,796 ","32,277 ","37,219 ","50,355 ","50,143 ","70,112 ","61,444 ","67,374 ","62,893 ","63,043 ","51,577 ","40,363 ","35,052 ","32,657 ","20,905 ","19,198 ","18,601 ","20,094 ","14,190 ","14,088 ","14,639 ","15,137 ","10,897 ","8,481 ","5,797 ","7,322 ","7,595 ","6,735 ","7,238 ","8,277 ","8,365 ","8,158 ","8,505 ","12,204 ","12,554 ","11,763 ","11,408 ","12,462 ","12,041 ","12,003 ","13,575 ","13,631 ","12,410 ","11,725 ","11,863 ","14,062 ","13,879 ","12,857 ","13,877 ","14,928 ","52,695 ","62,200 ","14,460 ","3,219 ","(14,520)","(10,780)","(5,226)",(732),"5,213 ","11,078 ","14,655 ","20,803 ","20,739 ","21,455 ","19,510 ","24,676 "
Total noninterest income,"8,303 ","9,264 ","9,101 ","11,809 ","9,466 ","10,494 ","11,318 ","12,014 ","11,374 ","12,031 ","12,614 ","13,263 ","12,245 ","13,110 ","13,175 ","14,759 ","13,185 ","13,751 ","14,018 ","14,130 ","14,364 ","15,724 ","15,248 ","17,966 ","15,525 ","16,019 ","15,726 ","16,110 ","16,658 ","16,645 ","16,958 ","18,168 ","17,729 ","18,486 ","18,675 ","18,652 ","19,356 ","22,444 ","20,763 ","22,017 ","19,769 ","20,195 ","21,450 ","21,673 ","20,710 ","21,860 ","24,099 ","23,421 ","24,105 ","26,140 ","24,796 ","26,717 ","26,426 ","27,121 ","29,229 ","29,197 ","30,982 ","32,589 ","32,747 ","37,373 ","37,070 ","36,973 ","39,466 ","41,926 ","41,187 ","38,582 ","42,402 ","43,513 ","43,179 ","42,417 ","41,857 ","44,294 ","44,794 ","45,549 ","46,149 ","47,075 ","48,095 ","49,750 ","51,304 ","54,310 ","51,958 ","53,621 ","51,069 ","55,977 ","55,385 ","54,405 ","58,704 ","56,898 ","61,122 ","62,412 ","62,545 ","55,931 ","62,276 ","68,231 ","59,126 ","46,988 ","60,552 ","60,992 ","58,894 ","41,545 ","68,407 ","68,220 ","62,654 ","61,417 ","60,867 ","59,521 ","56,260 ","59,255 ","58,367 ","58,207 ","59,500 ","54,613 ","61,420 ","60,169 ","63,735 ","64,057 ","66,679 ","67,086 ","58,912 ","60,136 ","59,893 ","63,832 ","64,572 ","60,005 ","62,624 ","65,207 ","63,294 ","62,926 ","60,425 ","66,130 ","64,859 ","62,845 ","62,484 ","66,705 ","64,217 ","62,721 ","67,362 ","67,997 ","66,627 ","64,401 ","65,407 ","66,231 ","69,452 ","66,020 ","66,933 ","70,766 ","72,602 ","70,285 ","76,794 ","75,764 ","75,985 ","72,600 ","76,652 ","76,883 ","76,788 ","62,940 ","85,968 ","78,183 ","74,090 ","67,602 "
  Fiduciary activities,"1,114 ","1,125 ","1,109 ","1,172 ","1,215 ","1,258 ","1,271 ","1,376 ","1,416 ","1,489 ","1,482 ","1,603 ","1,637 ","1,661 ","1,691 ","1,823 ","1,777 ","1,788 ","1,753 ","1,830 ","1,911 ","1,985 ","2,006 ","2,262 ","2,118 ","2,157 ","2,089 ","2,135 ","2,225 ","2,309 ","2,273 ","2,360 ","2,502 ","2,558 ","2,538 ","2,548 ","2,639 ","2,720 ","2,754 ","2,881 ","2,905 ","2,901 ","3,107 ","2,946 ","2,943 ","3,034 ","3,217 ","3,279 ","3,300 ","3,429 ","3,422 ","3,662 ","3,750 ","3,941 ","4,262 ","4,244 ","4,373 ","4,642 ","4,622 ","4,935 ","4,792 ","5,104 ","5,154 ","4,728 ","5,503 ","5,401 ","5,359 ","5,052 ","5,329 ","5,276 ","4,952 ","5,426 ","5,207 ","5,399 ","5,131 ","4,727 ","4,916 ","5,196 ","5,280 ","5,494 ","5,748 ","5,691 ","5,638 ","6,039 ","5,925 ","5,936 ","6,053 ","6,123 ","6,273 ","6,495 ","6,227 ","6,406 ","6,833 ","7,562 ","7,465 ","7,777 ","7,691 ","8,082 ","7,177 ","6,519 ","5,786 ","6,267 ","6,115 ","6,414 ","6,093 ","6,366 ","6,390 ","6,721 ","6,641 ","6,979 ","7,014 ","6,497 ","7,046 ","7,284 ","7,227 ","7,109 ","7,466 ","7,840 ","7,673 ","8,031 ","7,993 ","8,080 ","8,265 ","8,225 ","8,195 ","8,465 ","8,267 ","8,052 ","8,068 ","8,368 ","8,512 ","8,490 ","8,606 ","8,927 ","9,124 ","9,271 ","9,499 ","9,489 ","9,384 ","9,162 ","8,987 ","9,343 ","9,352 ","9,410 ","9,383 ","9,461 ","9,758 ","9,959 ","10,340 ","10,699 ","10,803 ","10,808 ","10,642 ","10,615 ","10,059 ","10,018 ","10,050 ","10,452 ","10,163 ","10,321 "
  Service charges on deposit accounts,"1,561 ","1,698 ","1,648 ","1,970 ","1,806 ","1,881 ","1,934 ","2,028 ","1,957 ","1,998 ","2,070 ","2,135 ","2,123 ","2,177 ","2,284 ","2,334 ","2,348 ","2,430 ","2,472 ","2,487 ","2,478 ","2,570 ","2,647 ","2,865 ","2,796 ","2,873 ","2,948 ","3,100 ","3,125 ","3,253 ","3,345 ","3,468 ","3,512 ","3,518 ","3,690 ","3,779 ","3,699 ","3,847 ","3,912 ","3,983 ","3,830 ","3,924 ","4,025 ","3,984 ","3,987 ","4,095 ","4,215 ","4,258 ","4,242 ","4,365 ","4,483 ","4,494 ","4,499 ","4,700 ","4,840 ","5,028 ","4,826 ","5,050 ","5,181 ","5,321 ","5,192 ","5,517 ","5,680 ","5,796 ","5,705 ","5,996 ","6,116 ","6,663 ","6,338 ","6,945 ","6,910 ","7,411 ","7,223 ","7,671 ","7,836 ","7,981 ","7,791 ","8,151 ","8,419 ","8,424 ","8,268 ","8,744 ","8,861 ","8,601 ","8,011 ","8,677 ","9,126 ","8,836 ","8,627 ","9,288 ","9,493 ","9,380 ","9,191 ","9,966 ","10,229 ","10,485 ","10,053 ","10,820 ","11,129 ","10,385 ","9,953 ","10,554 ","10,960 ","10,324 ","9,553 ","9,795 ","8,776 ","8,185 ","8,146 ","8,539 ","8,852 ","8,674 ","8,259 ","8,452 ","8,632 ","8,542 ","8,203 ","8,388 ","8,689 ","8,555 ","8,093 ","8,454 ","9,039 ","8,595 ","8,199 ","8,660 ","8,957 ","8,863 ","8,632 ","8,792 ","9,294 ","9,135 ","8,886 ","9,091 ","9,164 ","9,062 ","8,781 ","8,892 ","9,085 ","9,058 ","8,540 ","8,962 ","9,281 ","9,269 ","8,970 ","6,887 ","8,016 ","8,384 ","8,030 ","8,356 ","8,850 ","8,881 ","8,776 ","8,700 ","8,168 ","7,609 ","7,410 ","7,592 ","7,613 ","7,689 "
  Trading account gains and fees,389 ,224 ,370 ,539 ,324 ,530 ,876 ,659 ,903 ,625 ,694 ,636 ,828 ,671 ,589 ,"1,464 ","1,146 ",965 ,815 ,765 ,712 ,"1,474 ",818 ,"1,051 ",836 ,"1,361 ","1,344 ","1,294 ","1,790 ","1,421 ","1,545 ","1,210 ","1,502 ","1,351 ","1,945 ","1,500 ","2,060 ","2,292 ","2,357 ","2,557 ","1,495 ","1,540 ","1,857 ","1,328 ","1,020 ","1,692 ","1,956 ","1,569 ","1,981 ","1,924 ","1,748 ","1,871 ","2,385 ","1,961 ","2,491 ","1,197 ","2,651 ","2,491 ",559 ,"1,973 ","3,601 ","2,148 ","2,183 ","2,469 ","3,832 ","2,951 ","2,745 ","2,627 ","3,990 ","2,744 ","3,506 ","2,303 ","3,095 ","3,231 ","2,310 ","2,066 ","3,065 ","3,268 ","2,853 ","2,583 ","3,800 ","2,701 ","1,437 ","2,626 ","4,272 ","2,435 ","4,448 ","2,821 ","5,641 ","4,735 ","4,636 ","4,035 ","7,125 ","6,224 ","2,178 ","(11,186)","2,031 ",965 ,"5,339 ","(9,781)","10,108 ","5,600 ","6,363 ","2,867 ","8,582 ","7,066 ","4,441 ","3,453 ","7,835 ","6,722 ","8,612 ","2,497 ","6,370 ","2,155 ","5,092 ","4,798 ","7,529 ","7,140 ","4,540 ","2,932 ","6,193 ","6,429 ","5,613 ","4,471 ","7,673 ","5,516 ","5,322 ","4,289 ","5,655 ","7,069 ","6,426 ","6,016 ","8,043 ","6,991 ","6,945 ","5,841 ","7,694 ","7,538 ","7,193 ","4,194 ","10,220 ","8,363 ","7,509 ","7,288 ","7,101 ","13,963 ","7,158 ","6,487 ","11,057 ","8,012 ","7,123 ","7,279 ","10,765 ","10,271 ","12,883 ","9,874 ","17,710 ","13,762 ","13,239 ","11,745 "
    Interest rate exposures,N/A,N/A,N/A,N/A,N/A,N/A,N/A,N/A,N/A,N/A,N/A,N/A,N/A,N/A,N/A,N/A,N/A,N/A,N/A,N/A,N/A,N/A,N/A,N/A,N/A,N/A,N/A,N/A,N/A,N/A,N/A,N/A,N/A,N/A,N/A,N/A,N/A,N/A,N/A,N/A,N/A,N/A,N/A,N/A,244 ,923 ,964 ,882 ,"1,158 ",960 ,999 ,992 ,"1,348 ",945 ,"1,181 ",540 ,"1,076 ",947 ,(241),696 ,"1,433 ",793 ,816 ,772 ,"1,723 ",995 ,"1,138 ","1,046 ","1,877 ","1,363 ","1,568 ","1,118 ","1,527 ","1,227 ","1,360 ",965 ,"1,158 ","1,489 ","1,116 ",967 ,"1,518 ",133 ,(415),"1,212 ","1,647 ",328 ,"1,642 ",885 ,"1,259 ","1,671 ",559 ,"1,163 ","2,310 ","3,068 ","1,636 ","(2,520)","2,211 ","1,867 ",(105),"(5,217)","9,289 ",942 ,"3,576 ",728 ,307 ,76 ,"4,163 ","1,481 ","4,857 ","3,619 ","2,097 ",260 ,"5,632 ","2,875 ","4,461 ","4,524 ","2,247 ","2,267 ","3,003 ",360 ,"2,016 ","2,883 ",(818),664 ,958 ,"3,406 ","2,580 ",156 ,"3,027 ","1,976 ","2,922 ","(1,545)","3,917 ","4,586 ","3,011 ","2,220 ","2,317 ",587 ,"2,020 ","2,305 ","4,078 ","2,780 ","1,567 ","4,361 ","4,942 ","4,634 ","2,821 ","3,616 ",(42),"3,369 ",(329),273 ,403 ,874 ,"(1,197)","4,653 ","5,721 ","3,471 ",630 ,"6,016 "
    Foreign exchange exposures,N/A,N/A,N/A,N/A,N/A,N/A,N/A,N/A,N/A,N/A,N/A,N/A,N/A,N/A,N/A,N/A,N/A,N/A,N/A,N/A,N/A,N/A,N/A,N/A,N/A,N/A,N/A,N/A,N/A,N/A,N/A,N/A,N/A,N/A,N/A,N/A,N/A,N/A,N/A,N/A,N/A,N/A,N/A,N/A,615 ,521 ,766 ,593 ,629 ,735 ,515 ,809 ,691 ,892 ,"1,070 ","1,268 ","1,353 ","1,393 ","1,212 ","1,199 ","1,624 ","1,079 ","1,068 ","1,004 ","1,314 ","1,268 ","1,093 ","1,204 ","1,287 ",809 ,"1,546 ",707 ,"1,117 ","1,425 ","1,049 ","1,139 ","1,359 ","1,489 ","1,411 ","1,158 ","1,371 ","1,569 ","1,162 ","1,273 ","1,700 ","1,283 ","1,454 ","1,766 ","2,311 ","2,672 ","1,355 ","1,613 ","1,919 ","1,266 ","1,936 ","1,880 ","2,145 ","2,379 ","2,915 ","3,424 ","2,437 ","2,132 ",355 ,672 ,"3,962 ","4,274 ","(1,069)","1,903 ",35 ,491 ,"2,595 ","2,235 ","1,505 ","1,990 ","1,020 ",753 ,"3,185 ","3,303 ",588 ,"1,550 ","2,137 ","2,026 ","4,830 ","2,902 ","4,703 ",855 ,"1,931 ","3,401 ","1,424 ","3,719 ","2,294 ","5,941 ","1,743 ",697 ,"1,608 ","1,811 ","2,861 ","4,569 ","3,149 ","1,971 ","2,254 ","2,900 ","2,718 ",662 ,"2,167 ","3,841 ","1,942 ",18 ,"6,343 ","1,546 ","3,998 ","3,747 ","6,341 ","6,363 ","8,153 ","1,134 ","4,439 ","5,174 ","8,036 ","2,334 "
    Equity security and index exposures,N/A,N/A,N/A,N/A,N/A,N/A,N/A,N/A,N/A,N/A,N/A,N/A,N/A,N/A,N/A,N/A,N/A,N/A,N/A,N/A,N/A,N/A,N/A,N/A,N/A,N/A,N/A,N/A,N/A,N/A,N/A,N/A,N/A,N/A,N/A,N/A,N/A,N/A,N/A,N/A,N/A,N/A,N/A,N/A,95 ,143 ,210 ,71 ,132 ,138 ,94 ,30 ,246 ,8 ,108 ,(305),150 ,112 ,(72),95 ,290 ,266 ,201 ,463 ,626 ,520 ,473 ,321 ,705 ,408 ,333 ,434 ,417 ,484 ,(175),(63),486 ,351 ,254 ,260 ,850 ,498 ,486 ,351 ,889 ,132 ,"1,245 ",846 ,"1,805 ",103 ,"1,831 ","1,217 ","1,763 ","1,024 ",(100),209 ,302 ,367 ,503 ,"(1,060)",852 ,(85),158 ,147 ,980 ,413 ,407 ,302 ,763 ,808 ,"1,440 ",(111),261 ,"1,140 ",509 ,187 ,840 ,924 ,234 ,493 ,613 ,727 ,652 ,649 ,797 ,586 ,47 ,743 ,667 ,867 ,735 ,682 ,"1,596 ","1,359 ","1,455 ","1,649 ","1,624 ","1,727 ","1,444 ",(43),"2,895 ","2,464 ","1,805 ","1,427 ","(1,043)","3,141 ",751 ,"2,481 ","2,389 ","2,385 ","1,729 ","3,536 ","1,457 ",771 ,"3,305 ","3,101 ","5,335 ","3,997 ","2,262 ","3,603 "
    Commodity and other exposures,N/A,N/A,N/A,N/A,N/A,N/A,N/A,N/A,N/A,N/A,N/A,N/A,N/A,N/A,N/A,N/A,N/A,N/A,N/A,N/A,N/A,N/A,N/A,N/A,N/A,N/A,N/A,N/A,N/A,N/A,N/A,N/A,N/A,N/A,N/A,N/A,N/A,N/A,N/A,N/A,N/A,N/A,N/A,N/A,41 ,45 ,7 ,24 ,60 ,96 ,137 ,41 ,97 ,116 ,126 ,(319),125 ,98 ,(222),64 ,245 ,41 ,74 ,235 ,169 ,182 ,78 ,83 ,71 ,116 ,80 ,(35),24 ,167 ,84 ,30 ,55 ,(117),78 ,40 ,89 ,405 ,24 ,(307),212 ,166 ,507 ,(292),313 ,273 ,789 ,(111),187 ,25 ,(3),87 ,261 ,602 ,342 ,338 ,352 ,273 ,446 ,389 ,297 ,(25),94 ,258 ,319 ,307 ,558 ,259 ,412 ,390 ,350 ,30 ,364 ,292 ,481 ,265 ,672 ,293 ,411 ,335 ,587 ,129 ,402 ,198 ,271 ,161 ,353 ,296 ,330 ,211 ,300 ,324 ,395 ,286 ,349 ,274 ,323 ,(43),"1,109 ",600 ,646 ,905 ,"1,226 ",434 ,622 ,549 ,531 ,347 ,"1,161 ","1,029 ",774 ,"1,153 ","1,570 ",824 ,942 ,773 
    Credit exposures,N/A,N/A,N/A,N/A,N/A,N/A,N/A,N/A,N/A,N/A,N/A,N/A,N/A,N/A,N/A,N/A,N/A,N/A,N/A,N/A,N/A,N/A,N/A,N/A,N/A,N/A,N/A,N/A,N/A,N/A,N/A,N/A,N/A,N/A,N/A,N/A,N/A,N/A,N/A,N/A,N/A,N/A,N/A,N/A,N/A,N/A,N/A,N/A,N/A,N/A,N/A,N/A,N/A,N/A,N/A,N/A,N/A,N/A,N/A,N/A,N/A,N/A,N/A,N/A,N/A,N/A,N/A,N/A,N/A,N/A,N/A,N/A,N/A,N/A,N/A,N/A,N/A,N/A,N/A,N/A,N/A,N/A,N/A,N/A,N/A,N/A,N/A,N/A,N/A,N/A,N/A,N/A,859 ,913 ,(799),"(10,237)","(4,462)","(3,345)","2,139 ","(7,581)","(2,696)","2,130 ","1,212 ",15 ,"2,727 ","1,937 ",565 ,(472),"1,699 ","1,406 ","1,764 ",(102),"(1,444)","(4,243)","(1,242)",(713),890 ,339 ,223 ,245 ,756 ,500 ,535 ,(79),624 ,530 ,357 ,(222),264 ,343 ,119 ,633 ,447 ,128 ,566 ,(178),487 ,215 ,141 ,(476),485 ,30 ,43 ,34 ,(34),"1,129 ",154 ,(243),"1,300 ",150 ,967 ,(737),"1,235 ","1,334 ","1,678 ",(368),516 ,204 ,"1,342 ","(1,077)"
"  Investment banking, advisory, brokerage and underwriting fees and commissions",N/A,N/A,N/A,N/A,N/A,N/A,N/A,N/A,N/A,N/A,N/A,N/A,N/A,N/A,N/A,N/A,N/A,N/A,N/A,N/A,N/A,N/A,N/A,N/A,N/A,N/A,N/A,N/A,N/A,N/A,N/A,N/A,N/A,N/A,N/A,N/A,N/A,N/A,N/A,N/A,N/A,N/A,N/A,N/A,N/A,N/A,N/A,N/A,N/A,N/A,N/A,N/A,N/A,N/A,N/A,N/A,N/A,N/A,N/A,N/A,N/A,N/A,N/A,N/A,N/A,N/A,N/A,N/A,"2,224 ","2,315 ","2,404 ","2,243 ","2,336 ","2,420 ","2,105 ","2,483 ","2,312 ","2,598 ","2,592 ","2,890 ","2,539 ","2,469 ","2,416 ","2,864 ","2,497 ","2,567 ","2,410 ","2,522 ","2,905 ","3,092 ","3,035 ","3,023 ","3,243 ","3,779 ","3,179 ","3,202 ","3,118 ","3,333 ","3,027 ","2,658 ","2,751 ","3,060 ","2,950 ","2,429 ","2,287 ","2,158 ","2,440 ","2,634 ","2,605 ","2,448 ","1,946 ","2,064 ","2,245 ","1,965 ","2,246 ","2,758 ","2,496 ","2,547 ","2,286 ","2,618 ","2,477 ","2,672 ","2,519 ","2,772 ","2,332 ","2,366 ","2,658 ","2,376 ","2,400 ","2,762 ","2,906 ","2,881 ","3,143 ","3,225 ","2,756 ","2,938 ","2,656 ","2,858 ","2,635 ","2,776 ","2,536 ","2,737 ","2,764 ","2,808 ","2,791 ","2,695 ","2,621 ","2,902 ","3,222 ","3,550 ","4,456 ","4,065 ","3,367 ","3,516 ","3,270 ","3,084 ","3,131 ","2,880 ","3,054 ","2,722 "
  Venture capital revenue,N/A,N/A,N/A,N/A,N/A,N/A,N/A,N/A,N/A,N/A,N/A,N/A,N/A,N/A,N/A,N/A,N/A,N/A,N/A,N/A,N/A,N/A,N/A,N/A,N/A,N/A,N/A,N/A,N/A,N/A,N/A,N/A,N/A,N/A,N/A,N/A,N/A,N/A,N/A,N/A,N/A,N/A,N/A,N/A,N/A,N/A,N/A,N/A,N/A,N/A,N/A,N/A,N/A,N/A,N/A,N/A,N/A,N/A,N/A,N/A,N/A,N/A,N/A,N/A,N/A,N/A,N/A,N/A,139 ,41 ,(714),(205),37 ,(92),(464),29 ,(59),160 ,(106),53 ,51 ,39 ,67 ,121 ,199 ,56 ,273 ,202 ,51 ,100 ,25 ,86 ,68 ,28 ,31 ,41 ,(6),20 ,81 ,1 ,7 ,(71),(35),(35),12 ,6 ,29 ,55 ,10 ,8 ,28 ,20 ,18 ,26 ,7 ,16 ,(12),11 ,58 ,(40),14 ,9 ,9 ,28 ,53 ,6 ,25 ,1 ,106 ,15 ,12 ,(15),4 ,(2),3 ,(7),5 ,15 ,6 ,34 ,20 ,5 ,30 ,42 ,(25),45 ,69 ,85 ,26 ,120 ,22 ,63 ,14 ,21 ,21 ,32 ,5 ,22 ,14 ,(10)
  Net servicing fees,N/A,N/A,N/A,N/A,N/A,N/A,N/A,N/A,N/A,N/A,N/A,N/A,N/A,N/A,N/A,N/A,N/A,N/A,N/A,N/A,N/A,N/A,N/A,N/A,N/A,N/A,N/A,N/A,N/A,N/A,N/A,N/A,N/A,N/A,N/A,N/A,N/A,N/A,N/A,N/A,N/A,N/A,N/A,N/A,N/A,N/A,N/A,N/A,N/A,N/A,N/A,N/A,N/A,N/A,N/A,N/A,N/A,N/A,N/A,N/A,N/A,N/A,N/A,N/A,N/A,N/A,N/A,N/A,"2,918 ","3,253 ","2,567 ","1,920 ","3,795 ","1,984 ",(242),"1,910 ","2,339 ","1,233 ","4,393 ","5,423 ","3,180 ","4,927 ","3,610 ","4,248 ","4,989 ","2,864 ","5,038 ","4,413 ","4,693 ","4,262 ","3,381 ","2,167 ","3,600 ","5,330 ","3,635 ","2,719 ","3,532 ","7,280 ","4,442 ",452 ,"5,946 ","10,845 ","5,995 ","6,873 ","5,164 ","3,575 ","2,962 ","4,792 ","4,338 ","2,446 ","(2,958)","3,409 ","4,713 ","1,985 ","2,802 ","1,843 ","4,218 ","5,827 ","3,182 ","4,627 ","2,142 ","2,773 ","2,886 ","1,197 ","1,600 ","4,546 ","1,040 ","3,328 ",826 ,"1,116 ","2,594 ","4,996 ","2,829 ","2,167 ","2,306 ","2,354 ","3,624 ","2,774 ","2,698 ","1,462 ","1,524 ",(304),300 ,"2,204 ","(1,757)",(246),"1,364 ","1,029 ","3,434 ",204 ,"1,755 ","1,625 ","4,523 ","3,489 ","3,224 ","1,412 ","1,755 ","2,391 ","3,164 ",769 
  Net securitization income,N/A,N/A,N/A,N/A,N/A,N/A,N/A,N/A,N/A,N/A,N/A,N/A,N/A,N/A,N/A,N/A,N/A,N/A,N/A,N/A,N/A,N/A,N/A,N/A,N/A,N/A,N/A,N/A,N/A,N/A,N/A,N/A,N/A,N/A,N/A,N/A,N/A,N/A,N/A,N/A,N/A,N/A,N/A,N/A,N/A,N/A,N/A,N/A,N/A,N/A,N/A,N/A,N/A,N/A,N/A,N/A,N/A,N/A,N/A,N/A,N/A,N/A,N/A,N/A,N/A,N/A,N/A,N/A,"3,543 ","3,733 ","4,266 ","4,743 ","4,586 ","4,661 ","5,675 ","4,630 ","4,791 ","5,038 ","6,039 ","5,946 ","5,360 ","5,599 ","6,185 ","6,694 ","5,639 ","5,864 ","5,917 ","5,385 ","6,705 ","6,225 ","6,832 ","2,409 ","4,964 ","5,355 ","5,812 ","5,008 ","5,541 ","4,206 ","3,120 ","2,393 ","2,124 ",(142),"1,163 ","1,615 ",13 ,156 ,165 ,148 ,99 ,138 ,179 ,237 ,277 ,246 ,509 ,430 ,394 ,273 ,352 ,378 ,285 ,318 ,385 ,340 ,298 ,325 ,348 ,250 ,203 ,181 ,287 ,228 ,363 ,472 ,395 ,131 ,151 ,(49),64 ,65 ,79 ,72 ,65 ,138 ,37 ,39 ,92 ,77 ,106 ,142 ,110 ,150 ,(10),(2),(11),38 ,29 ,30 ,57 ,54 
  Insurance commission fees and income,N/A,N/A,N/A,N/A,N/A,N/A,N/A,N/A,N/A,N/A,N/A,N/A,N/A,N/A,N/A,N/A,N/A,N/A,N/A,N/A,N/A,N/A,N/A,N/A,N/A,N/A,N/A,N/A,N/A,N/A,N/A,N/A,N/A,N/A,N/A,N/A,N/A,N/A,N/A,N/A,N/A,N/A,N/A,N/A,N/A,N/A,N/A,N/A,N/A,N/A,N/A,N/A,N/A,N/A,N/A,N/A,N/A,N/A,N/A,N/A,N/A,N/A,N/A,N/A,N/A,N/A,N/A,N/A,725 ,700 ,771 ,814 ,863 ,925 ,870 ,854 ,877 ,857 ,908 ,967 ,"1,036 ","1,054 ","1,148 ","1,178 ","1,090 ","1,205 ","1,108 ","1,189 ","1,062 ","1,154 ","1,181 ","1,085 ","1,313 ","1,352 ","1,399 ","1,421 ","1,470 ","1,449 ","1,014 ","1,167 ","1,197 ","1,244 ","1,232 ","1,049 ","1,124 ","1,146 ",505 ,"1,023 ","1,126 ","1,081 ","1,081 ","1,036 ",915 ,"1,193 ",841 ,859 ,"1,152 ","1,099 ","1,036 ",965 ,"1,065 ","1,039 ",804 ,"1,097 ","1,187 ","1,157 ",822 ,"1,114 ","1,187 ","1,193 ","1,126 ",975 ,"1,203 ","1,173 ","1,085 ","1,083 ","1,139 ","1,167 ","1,134 ","1,146 ","1,216 ","1,267 ","1,114 ","1,153 ","1,217 ","1,174 ","1,159 ","1,161 ","1,286 ","1,320 ","1,273 ","1,281 ","1,364 ","1,473 ","1,400 ","1,408 ","1,509 ","1,586 ","1,363 ","1,282 "
  Net gains (losses) on sales of loans,N/A,N/A,N/A,N/A,N/A,N/A,N/A,N/A,N/A,N/A,N/A,N/A,N/A,N/A,N/A,N/A,N/A,N/A,N/A,N/A,N/A,N/A,N/A,N/A,N/A,N/A,N/A,N/A,N/A,N/A,N/A,N/A,N/A,N/A,N/A,N/A,N/A,N/A,N/A,N/A,N/A,N/A,N/A,N/A,N/A,N/A,N/A,N/A,N/A,N/A,N/A,N/A,N/A,N/A,N/A,N/A,N/A,N/A,N/A,N/A,N/A,N/A,N/A,N/A,N/A,N/A,N/A,N/A,"1,107 ","1,351 ","1,297 ","1,810 ","1,958 ","1,307 ","2,111 ","3,099 ","3,251 ","3,973 ","5,536 ","1,702 ","2,162 ","2,310 ","1,955 ","2,293 ","1,673 ","1,851 ","1,434 ","1,878 ","1,507 ","1,938 ","2,255 ","2,143 ","2,021 ","2,141 ","(1,182)",(611),"(1,272)",787 ,171 ,"(1,262)","2,583 ","2,788 ","2,835 ","2,347 ","1,472 ","2,128 ","3,897 ","3,668 ","1,743 ","1,216 ","1,709 ","1,804 ","4,049 ","4,225 ","5,600 ","1,439 ","4,126 ","4,438 ","2,606 ","2,234 ","2,291 ","3,023 ","3,796 ","2,887 ","3,377 ","3,732 ","3,392 ","2,899 ","3,149 ","4,459 ","4,268 ","3,541 ","2,777 ","3,506 ","3,127 ","2,724 ","2,886 ","3,871 ","3,245 ","2,652 ","2,647 ","3,691 ","4,330 ","3,784 ","3,312 ","7,770 ","8,470 ","7,720 ","7,755 ","6,419 ","5,687 ","4,667 ","2,661 ",307 ,646 ,487 ,995 ,"1,649 ",362 ,"1,176 "
  Net gains (losses) on sales of other real estate owned,N/A,N/A,N/A,N/A,N/A,N/A,N/A,N/A,N/A,N/A,N/A,N/A,N/A,N/A,N/A,N/A,N/A,N/A,N/A,N/A,N/A,N/A,N/A,N/A,N/A,N/A,N/A,N/A,N/A,N/A,N/A,N/A,N/A,N/A,N/A,N/A,N/A,N/A,N/A,N/A,N/A,N/A,N/A,N/A,N/A,N/A,N/A,N/A,N/A,N/A,N/A,N/A,N/A,N/A,N/A,N/A,N/A,N/A,N/A,N/A,N/A,N/A,N/A,N/A,N/A,N/A,N/A,N/A,13 ,21 ,7 ,56 ,6 ,20 ,(41),(30),(4),(20),(18),13 ,37 ,7 ,48 ,11 ,37 ,47 ,37 ,39 ,56 ,45 ,25 ,(14),3 ,(44),(88),(289),(311),(454),(613),(809),(867),"(1,077)","(1,203)","(1,470)",(926),"(1,214)","(1,189)","(1,513)","(1,000)",(976),"(1,141)","(1,632)",(755),(863),(218),(520),(158),(10),(45),(173),(25),(6),(140),(146),(47),66 ,(9),179 ,19 ,41 ,142 ,(41),4 ,5 ,(45),(70),10 ,(12),(57),(55),17 ,(6),39 ,(47),(10),(42),(4),24 ,58 ,62 ,44 ,83 ,98 ,176 ,38 ,27 ,40 ,57 ,40 ,16 
  Net gains (losses) on sales of other assets (except securities),N/A,N/A,N/A,N/A,N/A,N/A,N/A,N/A,N/A,N/A,N/A,N/A,N/A,N/A,N/A,N/A,N/A,N/A,N/A,N/A,N/A,N/A,N/A,N/A,N/A,N/A,N/A,N/A,N/A,N/A,N/A,N/A,N/A,N/A,N/A,N/A,N/A,N/A,N/A,N/A,N/A,N/A,N/A,N/A,N/A,N/A,N/A,N/A,N/A,N/A,N/A,N/A,N/A,N/A,N/A,N/A,N/A,N/A,N/A,N/A,N/A,N/A,N/A,N/A,N/A,N/A,N/A,N/A,"1,119 ",634 ,609 ,191 ,(84),212 ,564 ,519 ,336 ,648 ,(255),338 ,274 ,"1,498 ",382 ,239 ,236 ,442 ,565 ,668 ,351 ,621 ,911 ,"1,117 ",523 ,919 ,"1,350 ","2,051 ","2,444 ",15 ,278 ,(199),800 ,"3,185 ",198 ,403 ,(110),(71),798 ,493 ,126 ,506 ,83 ,49 ,129 ,(445),257 ,291 ,(18),155 ,286 ,"1,872 ",264 ,499 ,648 ,331 ,270 ,324 ,477 ,967 ,277 ,444 ,229 ,266 ,149 ,7 ,307 ,327 ,272 ,395 ,264 ,721 ,405 ,342 ,516 ,"(1,534)",78 ,251 ,85 ,39 ,142 ,328 ,(62),218 ,421 ,470 ,"1,087 ",976 ,"1,396 ",388 ,865 ,244 
  Other noninterest income,N/A,N/A,N/A,N/A,N/A,N/A,N/A,N/A,N/A,N/A,N/A,N/A,N/A,N/A,N/A,N/A,N/A,N/A,N/A,N/A,N/A,N/A,N/A,N/A,N/A,N/A,N/A,N/A,N/A,N/A,N/A,N/A,N/A,N/A,N/A,N/A,N/A,N/A,N/A,N/A,N/A,N/A,N/A,N/A,N/A,N/A,N/A,N/A,N/A,N/A,N/A,N/A,N/A,N/A,N/A,N/A,N/A,N/A,N/A,N/A,N/A,N/A,N/A,N/A,N/A,N/A,N/A,N/A,"13,484 ","12,964 ","12,768 ","15,149 ","13,350 ","14,361 ","15,986 ","15,786 ","15,374 ","14,990 ","12,740 ","17,037 ","16,984 ","15,417 ","16,010 ","17,688 ","17,545 ","18,857 ","18,561 ","18,168 ","19,262 ","20,330 ","20,671 ","20,211 ","19,618 ","21,144 ","21,637 ","22,234 ","22,059 ","20,131 ","20,545 ","27,086 ","25,122 ","23,103 ","23,278 ","26,061 ","24,835 ","25,460 ","24,031 ","26,311 ","23,942 ","26,531 ","31,216 ","26,892 ","28,154 ","33,947 ","30,739 ","36,492 ","31,282 ","29,376 ","28,251 ","28,138 ","29,100 ","30,540 ","30,749 ","30,209 ","29,487 ","30,044 ","31,994 ","30,608 ","29,904 ","31,691 ","29,061 ","26,371 ","26,478 ","31,142 ","29,050 ","29,067 ","30,646 ","31,061 ","30,976 ","33,185 ","29,216 ","31,760 ","34,155 ","31,505 ","35,836 ","28,768 ","33,815 ","32,420 ","31,338 ","36,552 ","35,924 ","33,480 ","34,031 ","37,846 ","36,002 ","27,974 ","41,938 ","37,373 ","34,156 ","31,595 "
Total noninterest expense,"21,617 ","23,794 ","22,846 ","27,957 ","25,068 ","27,015 ","27,416 ","30,410 ","29,228 ","31,435 ","31,528 ","35,932 ","30,781 ","32,653 ","32,153 ","34,546 ","32,739 ","33,056 ","33,092 ","35,222 ","33,220 ","34,556 ","35,379 ","38,024 ","35,134 ","35,658 ","36,178 ","39,101 ","36,697 ","37,525 ","38,821 ","41,274 ","38,249 ","39,490 ","39,978 ","42,035 ","41,330 ","43,281 ","41,290 ","43,366 ","40,738 ","41,677 ","42,058 ","44,604 ","42,722 ","43,052 ","42,467 ","45,046 ","46,117 ","45,021 ","49,335 ","47,662 ","46,016 ","47,025 ","49,799 ","50,395 ","51,525 ","52,385 ","53,348 ","61,964 ","55,743 ","56,920 ","56,077 ","61,325 ","58,211 ","61,597 ","60,334 ","62,728 ","62,223 ","62,740 ","63,782 ","65,990 ","63,835 ","64,623 ","65,904 ","70,590 ","67,158 ","70,185 ","70,116 ","73,532 ","73,759 ","76,966 ","75,651 ","81,127 ","77,512 ","79,810 ","80,269 ","82,134 ","84,608 ","85,039 ","85,687 ","81,057 ","87,653 ","90,934 ","90,165 ","104,489 ","90,882 ","97,706 ","93,533 ","114,722 ","109,517 ","107,779 ","92,821 ","99,587 ","95,342 ","97,723 ","97,026 ","103,603 ","102,016 ","103,659 ","100,451 ","107,612 ","106,477 ","103,408 ","104,474 ","108,494 ","102,285 ","106,430 ","106,485 ","102,722 ","102,293 ","104,918 ","108,768 ","108,505 ","103,501 ","104,578 ","105,531 ","105,473 ","104,797 ","105,159 ","107,010 ","108,697 ","109,384 ","108,487 ","109,330 ","117,944 ","115,712 ","113,432 ","113,671 ","117,773 ","115,293 ","115,095 ","120,088 ","121,778 ","128,920 ","122,341 ","123,656 ","125,772 ","124,904 ","126,097 ","128,084 ","133,450 ","133,868 ","134,830 ","138,843 ","135,912 ","141,333 ","141,901 ","140,921 ","167,559 "
  Salaries and employee benefits,"10,673 ","11,377 ","10,954 ","12,452 ","11,821 ","12,159 ","12,432 ","13,028 ","13,164 ","13,363 ","13,629 ","14,039 ","14,111 ","14,238 ","14,419 ","14,828 ","14,701 ","14,706 ","14,817 ","15,171 ","15,152 ","15,236 ","15,348 ","15,633 ","15,738 ","15,616 ","15,657 ","16,009 ","15,966 ","15,766 ","16,113 ","15,974 ","16,132 ","16,250 ","16,364 ","16,723 ","16,791 ","17,003 ","17,337 ","17,936 ","17,418 ","17,546 ","17,932 ","18,206 ","18,126 ","18,166 ","18,597 ","18,833 ","19,215 ","19,314 ","19,409 ","19,931 ","20,173 ","20,236 ","21,166 ","21,097 ","21,864 ","22,177 ","22,068 ","24,403 ","24,023 ","24,482 ","23,972 ","24,751 ","25,314 ","24,738 ","24,819 ","25,671 ","26,286 ","26,588 ","26,704 ","27,295 ","28,437 ","28,301 ","28,731 ","29,974 ","30,906 ","31,485 ","31,044 ","31,616 ","32,752 ","32,877 ","32,700 ","34,283 ","35,346 ","34,381 ","35,919 ","36,154 ","39,052 ","38,034 ","38,310 ","37,505 ","41,280 ","41,489 ","39,719 ","40,158 ","42,445 ","43,750 ","39,853 ","36,883 ","42,463 ","40,897 ","41,404 ","39,549 ","41,519 ","42,867 ","42,059 ","43,264 ","44,876 ","44,346 ","44,105 ","44,479 ","47,657 ","45,863 ","45,999 ","46,716 ","48,786 ","47,515 ","46,059 ","45,909 ","48,207 ","47,115 ","48,044 ","47,095 ","49,322 ","48,469 ","47,843 ","48,260 ","50,308 ","49,848 ","50,231 ","49,917 ","53,633 ","51,852 ","51,861 ","53,182 ","55,955 ","54,544 ","53,982 ","53,902 ","57,075 ","56,313 ","56,643 ","56,797 ","58,489 ","58,999 ","60,381 ","60,505 ","64,694 ","62,350 ","62,705 ","63,879 ","66,563 ","64,902 ","66,262 ","66,453 ","70,520 ","68,309 ","68,427 ","68,399 "
  Premises and equipment expense,"3,619 ","3,905 ","3,807 ","4,449 ","4,165 ","4,294 ","4,418 ","4,704 ","4,717 ","4,743 ","4,900 ","5,160 ","5,026 ","5,099 ","5,199 ","5,380 ","5,331 ","5,326 ","5,401 ","5,595 ","5,427 ","5,449 ","5,577 ","5,808 ","5,556 ","5,564 ","5,689 ","5,882 ","5,668 ","5,579 ","5,651 ","5,761 ","5,588 ","5,525 ","5,608 ","5,887 ","5,555 ","5,568 ","5,666 ","6,080 ","5,716 ","5,661 ","5,793 ","5,947 ","5,826 ","5,880 ","6,078 ","6,069 ","6,108 ","6,153 ","6,292 ","6,496 ","6,360 ","6,379 ","6,769 ","6,746 ","6,743 ","6,885 ","7,090 ","7,921 ","7,485 ","7,328 ","7,490 ","8,070 ","7,775 ","7,708 ","7,850 ","8,166 ","8,110 ","8,155 ","8,282 ","8,383 ","8,379 ","8,459 ","8,889 ","8,996 ","9,147 ","9,282 ","9,133 ","9,747 ","9,337 ","9,541 ","9,728 ","10,559 ","10,253 ","10,060 ","10,301 ","10,576 ","10,486 ","10,425 ","10,570 ","10,996 ","10,996 ","11,036 ","11,263 ","11,535 ","11,782 ","11,780 ","11,473 ","11,416 ","11,573 ","11,440 ","11,276 ","11,743 ","11,188 ","10,934 ","11,061 ","11,660 ","11,409 ","11,053 ","11,174 ","11,451 ","10,954 ","10,965 ","11,190 ","11,317 ","11,014 ","10,807 ","11,006 ","11,199 ","11,280 ","11,130 ","11,129 ","11,392 ","11,165 ","11,143 ","11,175 ","11,702 ","11,243 ","11,189 ","11,302 ","11,711 ","11,679 ","11,618 ","11,835 ","9,432 ","11,047 ","11,013 ","11,158 ","11,467 ","11,402 ","11,418 ","11,767 ","11,752 ","11,794 ","11,853 ","12,077 ","12,721 ","12,175 ","11,843 ","11,959 ","12,311 ","12,010 ","11,846 ","11,944 ","12,455 ","11,998 ","11,864 ","12,190 ","12,638 "
  Other noninterest expense,"7,325 ","8,480 ","8,085 ","11,010 ","9,065 ","10,546 ","10,540 ","12,634 ","11,310 ","13,293 ","12,958 ","16,687 ","11,598 ","13,268 ","12,481 ","14,291 ","12,665 ","12,981 ","12,821 ","14,403 ","12,640 ","13,871 ","14,453 ","16,584 ","13,840 ","14,479 ","14,832 ","17,209 ","15,064 ","16,180 ","17,058 ","19,539 ","16,530 ","17,716 ","18,006 ","19,425 ","18,984 ","20,710 ","18,287 ","19,350 ","17,604 ","18,470 ","18,333 ","20,451 ","18,771 ","19,005 ","17,792 ","20,144 ","20,794 ","19,553 ","23,634 ","21,240 ","19,482 ","20,410 ","21,863 ","22,552 ","22,917 ","23,322 ","24,189 ","29,641 ","24,235 ","25,110 ","24,615 ","28,505 ","25,121 ","29,152 ","27,665 ","28,891 ","25,886 ","25,825 ","26,800 ","28,114 ","25,825 ","26,536 ","26,692 ","30,299 ","25,763 ","27,978 ","28,708 ","30,720 ","30,143 ","33,180 ","31,282 ","34,149 ","30,049 ","33,367 ","32,150 ","33,450 ","32,632 ","34,506 ","34,766 ","30,965 ","33,376 ","36,270 ","36,087 ","41,307 ","33,855 ","37,701 ","37,326 ","43,020 ","36,044 ","43,261 ","35,933 ","42,749 ","40,200 ","41,071 ","41,314 ","45,080 ","43,636 ","45,842 ","43,067 ","47,205 ","46,015 ","44,623 ","45,253 ","48,175 ","40,687 ","41,893 ","47,681 ","43,447 ","41,185 ","44,785 ","46,796 ","48,482 ","41,574 ","43,274 ","44,436 ","44,056 ","41,934 ","42,800 ","44,110 ","44,924 ","42,736 ","43,723 ","44,380 ","53,695 ","47,497 ","46,666 ","47,267 ","51,135 ","45,859 ","46,390 ","48,697 ","51,724 ","49,208 ","47,923 ","49,480 ","50,992 ","46,975 ","50,915 ","52,470 ","56,299 ","54,214 ","57,120 ","59,640 ","55,669 ","56,236 ","60,159 ","58,504 ","78,921 "
    Amortization expense and goodwill impairment losses,198 ,242 ,232 ,280 ,267 ,284 ,293 ,343 ,323 ,338 ,344 ,420 ,345 ,361 ,358 ,418 ,483 ,515 ,496 ,555 ,465 ,529 ,"1,607 ","1,212 ",815 ,578 ,568 ,911 ,669 ,661 ,804 ,698 ,659 ,852 ,913 ,924 ,"1,011 ",851 ,"1,041 ",987 ,792 ,919 ,944 ,"1,074 ",945 ,983 ,"1,202 ","1,242 ","1,216 ","1,502 ","1,457 ","1,507 ","1,309 ","1,384 ","1,430 ","1,524 ","1,606 ","1,717 ","1,961 ","2,625 ","1,859 ","1,907 ","1,743 ","1,997 ","1,898 ","2,141 ","2,069 ","2,039 ","1,940 ","2,172 ","1,996 ","2,197 ","1,194 ","1,326 ","1,592 ","1,321 ","1,342 ","1,439 ","1,230 ","1,449 ","1,527 ","1,368 ","1,940 ","2,135 ","1,864 ","2,003 ","1,899 ","1,954 ","2,438 ","2,073 ","2,042 ","1,591 ","2,001 ","2,139 ","3,096 ","11,490 ","2,800 ","4,475 ","4,881 ","23,402 ","19,436 ","12,181 ","4,207 ","5,545 ","2,435 ","2,851 ","2,591 ","3,598 ","2,095 ","2,418 ","2,106 ","4,477 ","1,851 ","1,957 ","2,032 ","2,285 ","1,797 ","6,215 ","1,740 ","2,168 ","1,621 ","1,887 ","2,799 ","1,536 ","1,441 ","1,691 ","2,076 ","1,454 ","1,312 ","1,322 ","1,368 ","2,145 ","1,336 ","1,294 ","1,253 ","1,634 ","1,214 ","1,209 ","1,264 ","1,269 ",958 ,974 ,"2,982 ","1,506 ","9,430 ","3,566 ","1,717 ","1,555 ","1,059 ",989 ,951 ,961 ,"1,081 ",963 ,997 ,"1,334 ","2,579 ","1,568 ","1,800 ","7,601 "
Securities gains (losses),505 ,363 ,457 ,"1,109 ","1,036 ","2,245 ","1,661 ","2,507 ","3,439 ","2,956 ","2,514 ","3,028 ","2,373 ","1,010 ",664 ,137 ,"1,107 ",527 ,508 ,253 ,542 ,510 ,611 ,441 ,238 ,180 ,263 ,500 ,929 ,757 ,"1,130 ","2,316 ","1,762 ","1,231 ","2,125 ","1,451 ","1,470 ","1,268 ","1,492 ",835 ,860 ,177 ,(307),"(1,107)",(89),502 ,333 ,188 ,832 ,261 ,333 ,654 ,661 ,594 ,416 ,"1,426 ","1,441 ","1,232 ","1,331 ","1,615 ","1,164 ",587 ,78 ,(135),(560),(885),(596),539 ,"2,002 ","1,907 ","2,332 ","2,691 ","1,357 ","2,312 ","4,342 ","4,123 ","3,709 ","4,868 ","2,164 ",726 ,"2,600 ","1,645 ","2,453 ",709 ,845 ,"2,257 ","1,238 ",562 ,671 ,278 ,864 ,517 ,"1,585 ",578 ,77 ,"(3,663)","1,234 ","(2,309)","(7,775)","(8,416)","1,639 ",(927),"(4,102)",(20),"1,593 ","2,141 ","3,181 ","2,249 ",(124),829 ,"3,092 ","1,755 ","3,014 ","2,536 ","2,717 ","1,514 ","2,071 ","1,371 ",543 ,497 ,827 ,770 ,755 ,862 ,"1,309 ",754 ,838 ,852 ,940 ,"1,363 ",867 ,632 ,549 ,772 ,825 ,24 ,240 ,176 ,130 ,(230),870 ,"1,121 ",(956),"2,899 ","1,755 ","2,503 ","2,479 ","1,518 ","1,395 ",735 ,338 ,574 ,(588),(307),"(1,318)","(1,742)","(2,176)","(1,239)","(4,241)","(3,848)"
Income (loss) before income taxes and extraordinary items,"5,924 ","5,835 ","5,791 ","4,571 ","7,283 ","8,014 ","8,820 ","6,859 ","9,746 ","7,315 ","7,841 ","3,903 ","9,063 ","(10,772)","7,086 ",360 ,"4,439 ","4,577 ","7,664 ","5,557 ","11,323 ","9,291 ","(1,494)",(943),"8,067 ","7,239 ","4,236 ","(1,325)","8,701 ","7,053 ","6,668 ","5,484 ","13,150 ","13,885 ","14,941 ","13,461 ","16,640 ","17,890 ","19,293 ","18,281 ","19,481 ","19,494 ","21,349 ","17,753 ","19,715 ","21,514 ","24,915 ","21,205 ","22,172 ","24,770 ","20,421 ","24,202 ","26,260 ","26,336 ","26,226 ","26,352 ","27,609 ","29,012 ","27,478 ","25,262 ","31,880 ","31,121 ","34,747 ","30,909 ","34,276 ","27,358 ","33,476 ","30,239 ","34,717 ","34,325 ","31,723 ","32,591 ","39,068 ","40,259 ","40,935 ","37,149 ","44,241 ","45,005 ","45,487 ","45,277 ","47,007 ","46,395 ","47,487 ","46,308 ","50,739 ","49,375 ","51,686 ","47,349 ","54,423 ","56,884 ","55,920 ","47,877 ","53,442 ","54,981 ","43,102 ",(948),"28,379 ","7,184 ","2,571 ","(54,713)","(1,048)","(8,462)","2,481 ",(632),"24,977 ","31,325 ","34,973 ","31,678 ","41,565 ","42,091 ","48,769 ","35,836 ","49,997 ","50,520 ","52,981 ","46,881 ","59,404 ","56,971 ","51,678 ","56,973 ","55,009 ","58,389 ","56,286 ","51,565 ","57,757 ","61,501 ","58,836 ","57,029 ","56,314 ","63,956 ","65,981 ","61,650 ","62,690 ","70,367 ","69,680 ","60,823 ","70,843 ","77,139 ","78,318 ","72,514 ","76,365 ","78,413 ","73,291 ","68,959 ","24,369 ","20,160 ","65,719 ","74,181 ","97,528 ","90,440 ","87,935 ","77,510 ","75,013 ","81,795 ","90,593 ","84,794 ","97,460 ","87,918 ","84,644 ","46,117 "
Applicable income taxes,"1,418 ","1,782 ","1,311 ","1,205 ","1,938 ","2,136 ","2,333 ","1,884 ","2,699 ","2,558 ","2,712 ","1,640 ","3,276 ","1,185 ","2,907 ","1,974 ","3,126 ","3,227 ","3,392 ","3,223 ","3,683 ","3,353 ","2,296 ","1,389 ","2,938 ","2,588 ","2,334 ","1,164 ","3,113 ","2,990 ","2,810 ","2,209 ","4,214 ","4,629 ","4,971 ","4,432 ","5,543 ","5,952 ","6,373 ","6,052 ","6,932 ","6,519 ","7,365 ","5,504 ","6,888 ","7,585 ","8,616 ","7,345 ","7,672 ","8,377 ","7,052 ","8,386 ","9,373 ","9,317 ","9,460 ","8,806 ","9,625 ","10,085 ","9,422 ","8,336 ","11,198 ","11,346 ","12,532 ","10,741 ","11,869 ","10,035 ","11,643 ","10,110 ","11,622 ","11,839 ","10,941 ","10,354 ","13,277 ","13,160 ","13,627 ","12,031 ","14,715 ","14,835 ","15,129 ","14,565 ","15,354 ","15,270 ","14,927 ","15,352 ","16,717 ","16,152 ","16,934 ","15,100 ","17,714 ","19,153 ","17,980 ","14,717 ","17,125 ","17,906 ","13,403 ","(1,189)","8,983 ","2,066 ",592 ,"(14,323)","4,747 ",369 ,131 ,796 ,"7,432 ","10,036 ","10,739 ","10,221 ","12,773 ","13,509 ","13,824 ","10,432 ","15,141 ","15,734 ","15,315 ","12,245 ","18,787 ","18,520 ","15,729 ","17,042 ","17,629 ","18,064 ","17,656 ","14,938 ","17,830 ","18,378 ","18,295 ","16,307 ","17,289 ","20,138 ","20,308 ","18,414 ","18,767 ","22,230 ","21,843 ","35,293 ","14,907 ","16,786 ","16,332 ","13,062 ","15,582 ","16,016 ","15,878 ","14,006 ","5,811 ","1,570 ","14,491 ","14,648 ","20,684 ","20,045 ","18,391 ","13,628 ","15,207 ","17,074 ","18,856 ","16,542 ","17,582 ","17,016 ","16,220 ","8,455 "
"Extraordinary gains (losses), net",32 ,40 ,80 ,92 ,68 ,181 ,38 ,38 ,129 ,84 ,92 ,129 ,123 ,49 ,78 ,30 ,147 ,316 ,166 ,232 ,23 ,162 ,142 ,21 ,468 ,1 ,91 ,224 ,352 ,312 ,218 ,(49),312 ,94 ,87 ,233 ,"2,102 ",146 ,(230),162 ,(198),(9),(262),24 ,39 ,(12),(242),(80),71 ,21 ,(250),(0),7 ,28 ,7 ,3 ,530 ,(11),(26),(76),(37),0 ,(1),211 ,23 ,(2),(24),(32),(368),(31),70 ,(401),(77),115 ,(41),(48),(20),21 ,23 ,401 ,186 ,28 ,(104),69 ,5 ,7 ,(91),332 ,193 ,281 ,101 ,"2,094 ",(689),(223),(995),241 ,(132),(366),"1,098 ","4,703 ",(31),"(3,624)",31 ,(162),58 ,(231),(330),60 ,106 ,132 ,528 ,161 ,114 ,(126),(44),(128),(73),(24),258 ,52 ,74 ,(71),(68),9 ,43 ,33 ,(28),(37),(9),(196),(89),(28),(3),19 ,119 ,(222),(8),(180),(39),(40),(8),176 ,(2),(3),(26),(79),(5),9 ,(0),28 ,3 ,16 ,(0),(249),(11),28 ,5 ,0 ,48 ,825 
Net income (loss) attributable to bank,"4,539 ","4,091 ","4,560 ","3,458 ","5,413 ","6,058 ","6,524 ","5,012 ","7,176 ","4,841 ","5,220 ","2,392 ","5,910 ","(11,908)","4,256 ","(1,584)","1,460 ","1,666 ","4,438 ","2,566 ","7,662 ","6,099 ","(3,648)","(2,311)","5,589 ","4,647 ","1,996 ","(2,264)","5,940 ","4,375 ","4,076 ","3,226 ","9,248 ","9,350 ","10,056 ","9,262 ","13,199 ","12,084 ","12,689 ","12,391 ","12,350 ","12,966 ","13,722 ","12,272 ","12,866 ","13,917 ","16,058 ","13,780 ","14,571 ","16,414 ","13,120 ","15,816 ","16,895 ","17,047 ","16,773 ","17,549 ","18,514 ","18,916 ","18,030 ","16,850 ","20,645 ","19,775 ","22,214 ","20,379 ","22,430 ","17,321 ","21,809 ","20,097 ","22,727 ","22,454 ","20,852 ","21,836 ","25,714 ","27,214 ","27,267 ","25,070 ","29,507 ","30,191 ","30,381 ","31,113 ","31,838 ","31,153 ","32,456 ","31,025 ","34,027 ","33,229 ","34,660 ","32,581 ","36,902 ","38,012 ","38,040 ","35,254 ","35,628 ","36,853 ","28,704 ",481 ,"19,264 ","4,753 ","3,077 ","(35,687)","(6,088)","(12,610)","2,125 ","(1,725)","17,410 ","20,878 ","23,775 ","21,365 ","28,737 ","28,532 ","35,248 ","25,307 ","34,800 ","34,451 ","37,489 ","34,407 ","40,345 ","38,198 ","36,069 ","39,762 ","37,260 ","40,076 ","38,451 ","36,488 ","39,816 ","43,011 ","40,403 ","40,606 ","38,938 ","43,523 ","45,517 ","43,109 ","43,829 ","48,068 ","47,870 ","25,238 ","55,836 ","60,114 ","61,877 ","59,343 ","60,711 ","62,508 ","57,349 ","54,899 ","18,488 ","18,467 ","51,136 ","59,480 ","76,775 ","70,378 ","69,492 ","63,864 ","59,750 ","64,410 ","71,661 ","68,215 ","79,786 ","70,771 ","68,385 ","38,392 "
Net income (loss) attributable to noncontrolling interests,N/A,N/A,N/A,N/A,N/A,N/A,N/A,N/A,N/A,N/A,N/A,N/A,N/A,N/A,N/A,N/A,N/A,N/A,N/A,N/A,N/A,N/A,N/A,N/A,N/A,N/A,N/A,N/A,N/A,N/A,N/A,N/A,N/A,N/A,N/A,N/A,N/A,N/A,N/A,N/A,N/A,N/A,N/A,N/A,N/A,N/A,N/A,N/A,N/A,N/A,N/A,N/A,N/A,N/A,N/A,N/A,N/A,N/A,N/A,N/A,N/A,N/A,N/A,N/A,N/A,N/A,N/A,N/A,N/A,N/A,N/A,N/A,N/A,N/A,N/A,N/A,N/A,N/A,N/A,N/A,N/A,N/A,N/A,N/A,N/A,N/A,N/A,N/A,N/A,N/A,N/A,N/A,N/A,N/A,N/A,N/A,N/A,N/A,N/A,N/A,262 ,155 ,257 ,134 ,193 ,181 ,129 ,152 ,160 ,182 ,225 ,259 ,170 ,209 ,133 ,101 ,198 ,229 ,138 ,220 ,193 ,178 ,111 ,148 ,153 ,145 ,110 ,79 ,77 ,98 ,66 ,99 ,91 ,88 ,87 ,70 ,92 ,58 ,71 ,69 ,64 ,65 ,62 ,51 ,44 ,43 ,87 ,62 ,69 ,46 ,55 ,34 ,56 ,62 ,65 ,65 ,97 ,132 ,88 ,95 
Net income (loss) attributable to bank and noncontrolling interests,N/A,N/A,N/A,N/A,N/A,N/A,N/A,N/A,N/A,N/A,N/A,N/A,N/A,N/A,N/A,N/A,N/A,N/A,N/A,N/A,N/A,N/A,N/A,N/A,N/A,N/A,N/A,N/A,N/A,N/A,N/A,N/A,N/A,N/A,N/A,N/A,N/A,N/A,N/A,N/A,N/A,N/A,N/A,N/A,N/A,N/A,N/A,N/A,N/A,N/A,N/A,N/A,N/A,N/A,N/A,N/A,N/A,N/A,N/A,N/A,N/A,N/A,N/A,N/A,N/A,N/A,N/A,N/A,N/A,N/A,N/A,N/A,N/A,N/A,N/A,N/A,N/A,N/A,N/A,N/A,N/A,N/A,N/A,N/A,N/A,N/A,N/A,N/A,N/A,N/A,N/A,N/A,N/A,N/A,N/A,N/A,N/A,N/A,N/A,N/A,"(5,826)","(12,455)","2,381 ","(1,590)","17,603 ","21,058 ","23,904 ","21,517 ","28,897 ","28,714 ","35,473 ","25,565 ","34,970 ","34,660 ","37,622 ","34,508 ","40,543 ","38,427 ","36,207 ","39,982 ","37,453 ","40,254 ","38,562 ","36,636 ","39,970 ","43,156 ","40,513 ","40,684 ","39,015 ","43,621 ","45,583 ","43,208 ","43,920 ","48,156 ","47,956 ","25,308 ","55,928 ","60,172 ","61,947 ","59,412 ","60,775 ","62,573 ","57,411 ","54,950 ","18,532 ","18,511 ","51,223 ","59,542 ","76,844 ","70,424 ","69,547 ","63,899 ","59,806 ","64,472 ","71,726 ","68,280 ","79,883 ","70,903 ","68,472 ","38,487 "
Net charge-offs,"1,686 ","2,775 ","2,828 ","3,666 ","2,194 ","2,902 ","3,323 ","5,004 ","3,046 ","4,024 ","4,254 ","5,623 ","3,311 ","3,733 ","3,804 ","6,020 ","4,088 ","5,336 ","4,681 ","5,911 ","3,653 ","5,341 ","5,057 ","10,400 ","7,607 ","9,647 ","7,147 ","10,667 ","7,443 ","10,267 ","9,818 ","10,953 ","7,435 ","7,224 ","7,644 ","8,339 ","5,228 ","6,146 ","4,853 ","6,036 ","3,398 ","4,033 ","3,252 ","3,884 ","2,778 ","3,364 ","3,794 ","4,552 ","4,105 ","4,343 ","4,327 ","5,085 ","4,538 ","4,948 ","5,318 ","5,558 ","5,089 ","5,184 ","5,990 ","6,207 ","5,292 ","4,876 ","5,148 ","6,362 ","5,393 ","5,645 ","6,037 ","9,297 ","7,471 ","8,470 ","9,844 ","13,487 ","11,577 ","11,300 ","12,003 ","12,214 ","10,353 ","10,250 ","9,600 ","10,690 ","8,747 ","8,174 ","7,446 ","9,102 ","7,170 ","6,694 ","8,351 ","9,917 ","5,477 ","6,061 ","7,138 ","8,509 ","8,200 ","8,946 ","10,870 ","16,462 ","19,644 ","26,386 ","27,980 ","37,271 ","37,896 ","49,178 ","50,977 ","54,988 ","53,251 ","49,718 ","43,966 ","42,410 ","33,484 ","28,852 ","26,738 ","25,650 ","21,628 ","20,307 ","22,199 ","18,472 ","15,889 ","14,060 ","11,674 ","12,050 ","10,368 ","10,067 ","9,267 ","9,918 ","9,006 ","8,942 ","8,678 ","10,762 ","10,135 ","10,119 ","10,139 ","12,114 ","11,520 ","11,232 ","10,991 ","13,201 ","12,068 ","11,685 ","11,164 ","12,617 ","12,735 ","12,796 ","13,089 ","13,974 ","14,607 ","15,573 ","12,696 ","11,311 ","9,234 ","7,292 ","5,279 ","5,720 ","6,289 ","6,688 ","7,672 ","10,890 ","12,427 ","14,742 ","15,654 ","20,136 "
Cash dividends,"1,720 ","2,093 ","1,630 ","2,673 ","2,104 ","2,077 ","1,813 ","3,030 ","2,128 ","2,147 ","2,132 ","3,582 ","2,481 ","2,566 ","2,682 ","4,269 ","3,505 ","3,172 ","3,145 ","4,833 ","3,546 ","3,971 ","3,742 ","4,487 ","3,529 ","3,744 ","3,280 ","4,624 ","4,478 ","3,478 ","3,008 ","5,191 ","3,226 ","3,518 ","3,413 ","6,311 ","4,949 ","4,943 ","5,704 ","8,940 ","5,762 ","6,421 ","7,384 ","11,286 ","7,087 ","7,604 ","7,804 ","12,756 ","8,789 ","9,539 ","12,394 ","14,677 ","9,759 ","10,554 ","9,783 ","17,764 ","10,437 ","10,550 ","12,412 ","14,398 ","10,426 ","14,986 ","14,602 ","18,464 ","13,011 ","12,976 ","13,807 ","20,089 ","14,641 ","14,289 ","14,803 ","17,656 ","21,153 ","16,197 ","18,034 ","20,338 ","17,529 ","24,590 ","20,499 ","28,251 ","14,839 ","18,322 ","17,641 ","18,400 ","15,379 ","18,291 ","21,093 ","18,712 ","18,874 ","21,663 ","19,910 ","34,155 ","26,186 ","40,868 ","27,914 ","20,747 ","13,992 ","17,747 ","10,989 ","8,520 ","7,243 ","6,141 ","20,094 ","13,768 ","4,374 ","12,936 ","13,322 ","23,283 ","15,138 ","20,314 ","19,827 ","22,703 ","20,943 ","19,541 ","20,447 ","35,558 ","14,413 ","20,934 ","22,181 ","34,734 ","20,023 ","21,815 ","25,599 ","22,960 ","22,295 ","29,353 ","25,783 ","27,312 ","20,730 ","23,287 ","30,555 ","28,624 ","27,319 ","28,376 ","35,924 ","30,258 ","30,598 ","37,813 ","43,843 ","52,824 ","38,649 ","48,651 ","47,770 ","49,223 ","32,684 ","14,035 ","15,828 ","21,830 ","23,880 ","36,570 ","54,700 ","41,499 ","28,908 ","29,026 ","37,874 ","57,165 ","44,245 ","50,999 ","45,827 ","72,239 "
Retained earnings,"2,818 ","1,998 ","2,929 ",785 ,"3,309 ","3,981 ","4,711 ","1,982 ","5,048 ","2,694 ","3,089 ","(1,190)","3,429 ","(14,474)","1,574 ","(5,853)","(2,045)","(1,506)","1,293 ","(2,267)","4,117 ","2,129 ","(7,390)","(6,798)","2,060 ",903 ,"(1,284)","(6,888)","1,462 ",897 ,"1,068 ","(1,965)","6,022 ","5,832 ","6,644 ","2,951 ","8,250 ","7,140 ","6,985 ","3,451 ","6,588 ","6,545 ","6,338 ",986 ,"5,779 ","6,314 ","8,254 ","1,024 ","5,782 ","6,875 ",726 ,"1,139 ","7,136 ","6,493 ","6,989 ",(215),"8,076 ","8,365 ","5,618 ","2,453 ","10,219 ","4,789 ","7,612 ","1,915 ","9,419 ","4,345 ","8,002 ",8 ,"8,086 ","8,165 ","6,049 ","4,180 ","4,561 ","11,017 ","9,233 ","4,732 ","11,977 ","5,601 ","9,881 ","2,862 ","16,999 ","12,831 ","14,815 ","12,625 ","18,648 ","14,938 ","13,567 ","13,869 ","18,029 ","16,348 ","18,130 ","1,098 ","9,442 ","(4,015)",790 ,"(20,266)","5,272 ","(12,995)","(7,911)","(44,207)","(13,330)","(18,751)","(17,969)","(15,492)","13,036 ","7,941 ","10,453 ","(1,918)","13,599 ","8,218 ","15,421 ","2,604 ","13,857 ","14,910 ","17,041 ","(1,151)","25,932 ","17,265 ","13,888 ","5,028 ","17,237 ","18,261 ","12,852 ","13,528 ","17,521 ","13,659 ","14,621 ","13,294 ","18,209 ","20,236 ","14,963 ","14,485 ","16,510 ","19,692 ","11,946 ","(5,020)","25,237 ","22,302 ","18,034 ","6,519 ","22,062 ","13,857 ","9,579 ","5,676 ","(14,196)","4,432 ","35,308 ","37,650 ","52,895 ","33,807 ","14,792 ","22,365 ","30,842 ","35,384 ","33,787 ","11,050 ","35,541 ","19,773 ","22,558 ","(33,847)"
Net operating income,"4,061 ","3,721 ","4,083 ","2,488 ","4,474 ","4,058 ","5,143 ","3,015 ","4,282 ","2,399 ","3,099 ",(211),"4,000 ","(12,851)","3,644 ","(1,650)",454 ,963 ,"3,905 ","2,196 ","7,238 ","5,568 ","(4,233)","(2,649)","4,951 ","4,535 ","1,701 ","(2,897)","4,882 ","3,495 ","2,952 ","1,440 ","7,640 ","8,323 ","8,388 ","7,921 ","10,040 ","11,026 ","11,843 ","11,601 ","11,951 ","12,845 ","14,209 ","12,979 ","12,897 ","13,598 ","16,068 ","13,765 ","13,939 ","16,158 ","13,138 ","15,372 ","16,441 ","16,610 ","16,470 ","16,574 ","16,993 ","18,091 ","17,198 ","15,792 ","19,894 ","19,419 ","22,185 ","20,248 ","22,770 ","18,080 ","22,480 ","19,418 ","21,710 ","21,140 ","19,295 ","20,426 ","24,858 ","25,557 ","24,396 ","22,333 ","27,017 ","26,884 ","28,899 ","30,160 ","29,861 ","30,011 ","30,721 ","30,575 ","33,435 ","31,743 ","33,902 ","31,877 ","36,277 ","37,549 ","37,401 ","32,896 ","35,227 ","36,704 ","29,668 ","2,458 ","18,834 ","6,100 ","7,513 ","(35,005)","(6,487)","(8,435)","4,519 ","(1,519)","16,341 ","19,767 ","21,749 ","19,582 ","28,971 ","28,421 ","32,156 ","24,057 ","32,660 ","32,890 ","35,559 ","33,438 ","39,102 ","37,479 ","35,589 ","39,641 ","36,790 ","39,790 ","38,072 ","36,019 ","39,001 ","42,597 ","39,972 ","40,098 ","38,358 ","42,869 ","45,057 ","42,793 ","43,546 ","47,598 ","47,271 ","25,457 ","55,741 ","60,213 ","61,883 ","59,654 ","60,083 ","61,492 ","58,168 ","52,631 ","17,062 ","16,444 ","49,299 ","58,152 ","75,711 ","69,812 ","69,266 ","63,416 ","60,286 ","64,974 ","72,797 ","69,859 ","81,700 ","71,939 ","71,798 ","40,841 "
Number of unprofitable institutions,"3,000 ","2,401 ","3,079 ","5,062 ","2,741 ","2,535 ","2,708 ","5,260 ","2,602 ","3,183 ","3,582 ","5,575 ","2,783 ","3,529 ","3,202 ","5,000 ","2,763 ","2,775 ","2,648 ","3,881 ","1,856 ","2,208 ","2,336 ","3,739 ","2,027 ","2,101 ","2,196 ","3,726 ","1,799 ","1,967 ","1,845 ","2,628 ","1,059 ","1,010 ",958 ,"1,765 ",695 ,721 ,660 ,"1,363 ",587 ,619 ,590 ,"1,238 ",478 ,487 ,450 ,995 ,437 ,487 ,"1,697 ","1,034 ",455 ,462 ,492 ,"1,094 ",496 ,546 ,643 ,"1,243 ",630 ,707 ,728 ,"1,202 ",693 ,732 ,738 ,"1,268 ",738 ,828 ,812 ,"1,268 ",669 ,679 ,596 ,"1,036 ",545 ,551 ,615 ,964 ,513 ,553 ,529 ,870 ,477 ,494 ,536 ,861 ,581 ,601 ,665 ,"1,082 ",781 ,843 ,941 ,"1,623 ","1,209 ","1,534 ","2,059 ","2,879 ","1,842 ","2,402 ","2,196 ","2,815 ","1,533 ","1,629 ","1,517 ","2,081 ","1,188 ","1,179 ","1,084 ","1,487 ",775 ,816 ,769 ,"1,065 ",598 ,581 ,597 ,869 ,500 ,454 ,437 ,645 ,364 ,369 ,325 ,591 ,313 ,281 ,279 ,509 ,254 ,246 ,230 ,943 ,230 ,221 ,198 ,389 ,214 ,208 ,228 ,393 ,380 ,286 ,240 ,374 ,192 ,204 ,206 ,389 ,269 ,233 ,169 ,281 ,212 ,239 ,311 ,499 
Number of institutions with year-over-year earnings gains,"6,459 ","7,878 ","8,529 ","7,764 ","8,443 ","10,512 ","10,454 ","9,587 ","10,692 ","8,693 ","8,065 ","8,875 ","8,239 ","8,320 ","9,018 ","8,853 ","8,159 ","9,381 ","9,584 ","9,502 ","9,814 ","9,188 ","8,009 ","7,702 ","6,960 ","7,871 ","8,481 ","7,878 ","8,080 ","8,221 ","8,775 ","8,820 ","10,581 ","10,351 ","10,303 ","9,100 ","9,030 ","8,399 ","7,514 ","7,325 ","5,799 ","6,537 ","6,954 ","6,927 ","7,091 ","6,634 ","7,750 ","7,221 ","7,783 ","7,967 ","5,856 ","6,948 ","7,187 ","7,357 ","7,654 ","6,452 ","6,723 ","6,218 ","5,910 ","5,641 ","5,318 ","5,739 ","6,231 ","6,102 ","6,710 ","6,648 ","5,777 ","5,396 ","5,059 ","4,770 ","5,339 ","5,674 ","6,192 ","6,692 ","6,867 ","5,837 ","5,679 ","5,282 ","4,691 ","4,804 ","5,039 ","5,034 ","5,574 ","5,517 ","5,457 ","5,702 ","5,348 ","5,140 ","4,944 ","4,984 ","4,716 ","4,471 ","4,174 ","4,206 ","4,240 ","4,011 ","4,091 ","3,586 ","3,384 ","2,849 ","3,240 ","2,796 ","3,472 ","3,869 ","4,106 ","5,076 ","4,874 ","4,598 ","4,242 ","4,446 ","4,656 ","4,552 ","4,914 ","4,513 ","4,116 ","4,196 ","3,503 ","3,711 ","3,440 ","3,590 ","3,629 ","3,818 ","4,143 ","3,967 ","4,020 ","3,734 ","3,691 ","3,492 ","3,753 ","3,642 ","3,633 ","3,473 ","3,353 ","3,667 ","3,863 ","2,587 ","4,152 ","4,103 ","3,979 ","3,963 ","3,363 ","3,182 ","3,266 ","2,804 ","2,239 ","2,625 ","2,445 ","2,868 ","3,715 ","3,288 ","3,271 ","2,524 ","1,792 ","2,311 ","2,978 ","3,279 ","3,117 ","2,429 ","1,709 ","1,468 "
,,,,,,,,,,,,,,,,,,,,,,,,,,,,,,,,,,,,,,,,,,,,,,,,,,,,,,,,,,,,,,,,,,,,,,,,,,,,,,,,,,,,,,,,,,,,,,,,,,,,,,,,,,,,,,,,,,,,,,,,,,,,,,,,,,,,,,,,,,,,,,,,,,,,,,,,,,,,,,,,
,,,,,,,,,,,,,,,,,,,,,,,,,,,,,,,,,,,,,,,,,,,,,,,,,,,,,,,,,,,,,,,,,,,,,,,,,,,,,,,,,,,,,,,,,,,,,,,,,,,,,,,,,,,,,,,,,,,,,,,,,,,,,,,,,,,,,,,,,,,,,,,,,,,,,,,,,,,,,,,,
"Prior to 3Q 2021, templates included highlighted items which did not include data for insured savings institutions that filed Thrift Financial Reports (TFRs). Current templates have been refreshed for all periods to include data from all insured institutions.",,,,,,,,,,,,,,,,,,,,,,,,,,,,,,,,,,,,,,,,,,,,,,,,,,,,,,,,,,,,,,,,,,,,,,,,,,,,,,,,,,,,,,,,,,,,,,,,,,,,,,,,,,,,,,,,,,,,,,,,,,,,,,,,,,,,,,,,,,,,,,,,,,,,,,,,,,,,,,,,